/*
Este script se creó con Visual Studio el 24/1/2025 a las 10:29.
Ejecute el script en LAPTOP-DANI,8006.Insumos.DB (sa) para que sea igual que LAPTOP-DANI.Services.Insumos (LAPTOP-DANI\peral).
Este script realiza las acciones en el siguiente orden:
1. Deshabilita las restricciones de clave externa.
2. Ejecuta los comandos DELETE. 
3. Ejecuta los comandos UPDATE.
4. Ejecuta los comandos INSERT.
5. Habilita de nuevo las restricciones de clave externa.
Realice una copia de seguridad de la base de datos de destino antes de ejecutar este script.
*/
USE [Insumos.DB]
SET NUMERIC_ROUNDABORT OFF
GO
SET XACT_ABORT, ANSI_PADDING, ANSI_WARNINGS, CONCAT_NULL_YIELDS_NULL, ARITHABORT, QUOTED_IDENTIFIER, ANSI_NULLS ON
GO
/*Puntero usado para actualizaciones de texto o imágenes. Puede que no sea necesario, pero se declara aquí por si lo fuera*/
DECLARE @pv binary(16)
BEGIN TRANSACTION
ALTER TABLE [dbo].[Insumo] DROP CONSTRAINT [FK_Insumo_SubConcepto]
ALTER TABLE [dbo].[Insumo] DROP CONSTRAINT [FK_Insumo_UnidadMedida]
ALTER TABLE [dbo].[SubConcepto] DROP CONSTRAINT [FK_SubConcepto_Concepto]
SET IDENTITY_INSERT [dbo].[SubConcepto] ON
INSERT INTO [dbo].[SubConcepto] ([SubConceptoId], [Descripcion], [ConceptoId], [FechaAlta]) VALUES (2, N'INSTALACION SANITARIA', 2, '20200527 07:51:27.850')
INSERT INTO [dbo].[SubConcepto] ([SubConceptoId], [Descripcion], [ConceptoId], [FechaAlta]) VALUES (3, N'INSTALACIÓN ELÉCTRICA', 2, '20200527 07:51:49.460')
INSERT INTO [dbo].[SubConcepto] ([SubConceptoId], [Descripcion], [ConceptoId], [FechaAlta]) VALUES (4, N'GAS', 2, '20200529 07:51:48.853')
INSERT INTO [dbo].[SubConcepto] ([SubConceptoId], [Descripcion], [ConceptoId], [FechaAlta]) VALUES (5, N'ILUMINACION', 2, '20200529 07:51:59.290')
INSERT INTO [dbo].[SubConcepto] ([SubConceptoId], [Descripcion], [ConceptoId], [FechaAlta]) VALUES (6, N'PUNTALES', 3, '20200529 07:52:50.557')
INSERT INTO [dbo].[SubConcepto] ([SubConceptoId], [Descripcion], [ConceptoId], [FechaAlta]) VALUES (7, N'VIGAS', 3, '20200529 07:52:59.963')
INSERT INTO [dbo].[SubConcepto] ([SubConceptoId], [Descripcion], [ConceptoId], [FechaAlta]) VALUES (8, N'FENOLICOS', 3, '20200529 07:53:09.840')
INSERT INTO [dbo].[SubConcepto] ([SubConceptoId], [Descripcion], [ConceptoId], [FechaAlta]) VALUES (9, N'ACCESORIOS', 3, '20200529 07:53:19.917')
INSERT INTO [dbo].[SubConcepto] ([SubConceptoId], [Descripcion], [ConceptoId], [FechaAlta]) VALUES (10, N'HERRAMIENTAS ELECTRICAS', 4, '20200529 07:53:36.153')
INSERT INTO [dbo].[SubConcepto] ([SubConceptoId], [Descripcion], [ConceptoId], [FechaAlta]) VALUES (11, N'HERRAMIENTAS DE MANO', 4, '20200529 07:53:51.730')
INSERT INTO [dbo].[SubConcepto] ([SubConceptoId], [Descripcion], [ConceptoId], [FechaAlta]) VALUES (12, N'HERRAMIENTAS RETAK', 4, '20200529 07:54:03.810')
INSERT INTO [dbo].[SubConcepto] ([SubConceptoId], [Descripcion], [ConceptoId], [FechaAlta]) VALUES (13, N'ADITIVOS', 5, '20200529 07:54:47.653')
INSERT INTO [dbo].[SubConcepto] ([SubConceptoId], [Descripcion], [ConceptoId], [FechaAlta]) VALUES (14, N'AISLACIONES', 5, '20200529 07:55:15.683')
INSERT INTO [dbo].[SubConcepto] ([SubConceptoId], [Descripcion], [ConceptoId], [FechaAlta]) VALUES (15, N'ALBAÑILERIA', 5, '20200529 07:55:28.030')
INSERT INTO [dbo].[SubConcepto] ([SubConceptoId], [Descripcion], [ConceptoId], [FechaAlta]) VALUES (16, N'EPP', 6, '20200529 07:57:20.437')
INSERT INTO [dbo].[SubConcepto] ([SubConceptoId], [Descripcion], [ConceptoId], [FechaAlta]) VALUES (17, N'SOPORTE', 2, '20200529 07:57:35.890')
INSERT INTO [dbo].[SubConcepto] ([SubConceptoId], [Descripcion], [ConceptoId], [FechaAlta]) VALUES (18, N'VALLADO / SOPORTE', 6, '20200601 07:04:00.687')
INSERT INTO [dbo].[SubConcepto] ([SubConceptoId], [Descripcion], [ConceptoId], [FechaAlta]) VALUES (19, N'ZINGUERIA', 2, '20200601 08:36:04.847')
INSERT INTO [dbo].[SubConcepto] ([SubConceptoId], [Descripcion], [ConceptoId], [FechaAlta]) VALUES (20, N'ZINGUERIA', 5, '20200602 07:10:15.430')
INSERT INTO [dbo].[SubConcepto] ([SubConceptoId], [Descripcion], [ConceptoId], [FechaAlta]) VALUES (21, N'ARIDOS', 5, '20200617 11:38:47.193')
INSERT INTO [dbo].[SubConcepto] ([SubConceptoId], [Descripcion], [ConceptoId], [FechaAlta]) VALUES (22, N'HIERROS', 5, '20200617 11:59:08.273')
INSERT INTO [dbo].[SubConcepto] ([SubConceptoId], [Descripcion], [ConceptoId], [FechaAlta]) VALUES (23, N'HORMIGON ELABORADO', 5, '20201015 16:38:24.777')
INSERT INTO [dbo].[SubConcepto] ([SubConceptoId], [Descripcion], [ConceptoId], [FechaAlta]) VALUES (24, N'HORMIGON ELABORADO', 5, '20201015 16:38:28.887')
INSERT INTO [dbo].[SubConcepto] ([SubConceptoId], [Descripcion], [ConceptoId], [FechaAlta]) VALUES (25, N'CLOACAL/PLUVIAL', 2, '20201020 14:02:54.487')
INSERT INTO [dbo].[SubConcepto] ([SubConceptoId], [Descripcion], [ConceptoId], [FechaAlta]) VALUES (26, N'PROYECTO', 7, '20201026 06:40:42.833')
INSERT INTO [dbo].[SubConcepto] ([SubConceptoId], [Descripcion], [ConceptoId], [FechaAlta]) VALUES (27, N'ABERTURAS DE ALUMINIO', 8, '20201212 10:35:03.080')
INSERT INTO [dbo].[SubConcepto] ([SubConceptoId], [Descripcion], [ConceptoId], [FechaAlta]) VALUES (28, N'SANITARIO', 9, '20210322 15:47:35.437')
INSERT INTO [dbo].[SubConcepto] ([SubConceptoId], [Descripcion], [ConceptoId], [FechaAlta]) VALUES (29, N'ELECTRICO', 9, '20210322 15:47:53.110')
SET IDENTITY_INSERT [dbo].[SubConcepto] OFF
SET IDENTITY_INSERT [dbo].[Insumo] ON
INSERT INTO [dbo].[Insumo] ([InsumoId], [SubConceptoId], [Descripcion], [UnidadMedidaId], [FechaAlta], [FechaBaja], [UltimoPrecioCompra]) VALUES (1, 8, N'FENOLICOS FILM RECORTES 1,5 A 2M', 3, '20200601 06:55:49.757', NULL, 0.00)
INSERT INTO [dbo].[Insumo] ([InsumoId], [SubConceptoId], [Descripcion], [UnidadMedidaId], [FechaAlta], [FechaBaja], [UltimoPrecioCompra]) VALUES (2, 10, N'TABLERO ELECTRICO', 3, '20200601 06:58:26.000', '20200601 07:31:47.913', NULL)
INSERT INTO [dbo].[Insumo] ([InsumoId], [SubConceptoId], [Descripcion], [UnidadMedidaId], [FechaAlta], [FechaBaja], [UltimoPrecioCompra]) VALUES (3, 15, N'CAÑO 40X40 ALUMINIO', 3, '20200601 07:00:01.000', NULL, 0.00)
INSERT INTO [dbo].[Insumo] ([InsumoId], [SubConceptoId], [Descripcion], [UnidadMedidaId], [FechaAlta], [FechaBaja], [UltimoPrecioCompra]) VALUES (4, 18, N'MEDIA SOMBRA', 3, '20200601 07:17:05.000', NULL, 0.00)
INSERT INTO [dbo].[Insumo] ([InsumoId], [SubConceptoId], [Descripcion], [UnidadMedidaId], [FechaAlta], [FechaBaja], [UltimoPrecioCompra]) VALUES (5, 18, N'PORTON DOBLE ABRIR  METALICO (HOJA DE 2,50X2M)', 3, '20200601 07:19:36.923', NULL, 0.00)
INSERT INTO [dbo].[Insumo] ([InsumoId], [SubConceptoId], [Descripcion], [UnidadMedidaId], [FechaAlta], [FechaBaja], [UltimoPrecioCompra]) VALUES (6, 15, N'MOLON TELGOPOR 1X1X0.15', 3, '20200601 07:21:02.813', NULL, 0.00)
INSERT INTO [dbo].[Insumo] ([InsumoId], [SubConceptoId], [Descripcion], [UnidadMedidaId], [FechaAlta], [FechaBaja], [UltimoPrecioCompra]) VALUES (7, 10, N'TABLERO ELECTRICO', 3, '20200601 07:33:00.000', '20200603 08:50:32.063', NULL)
INSERT INTO [dbo].[Insumo] ([InsumoId], [SubConceptoId], [Descripcion], [UnidadMedidaId], [FechaAlta], [FechaBaja], [UltimoPrecioCompra]) VALUES (8, 16, N'MATAFUEGOS 10KG', 3, '20200601 07:34:20.323', NULL, 0.00)
INSERT INTO [dbo].[Insumo] ([InsumoId], [SubConceptoId], [Descripcion], [UnidadMedidaId], [FechaAlta], [FechaBaja], [UltimoPrecioCompra]) VALUES (9, 7, N'VIGA PFEIFER H20 3M', 3, '20200601 07:35:59.917', NULL, 0.00)
INSERT INTO [dbo].[Insumo] ([InsumoId], [SubConceptoId], [Descripcion], [UnidadMedidaId], [FechaAlta], [FechaBaja], [UltimoPrecioCompra]) VALUES (10, 6, N'ACROW PUNTAL METALICO TELESCOPICO 3.05M', 3, '20200601 07:38:58.813', NULL, 0.00)
INSERT INTO [dbo].[Insumo] ([InsumoId], [SubConceptoId], [Descripcion], [UnidadMedidaId], [FechaAlta], [FechaBaja], [UltimoPrecioCompra]) VALUES (11, 9, N'HORQUILLAS METALICAS', 3, '20200601 07:49:10.710', NULL, 0.00)
INSERT INTO [dbo].[Insumo] ([InsumoId], [SubConceptoId], [Descripcion], [UnidadMedidaId], [FechaAlta], [FechaBaja], [UltimoPrecioCompra]) VALUES (12, 15, N'VIGUETA PRETENSADA HORMGON 6M LARGO', 3, '20200601 07:52:09.683', NULL, 0.00)
INSERT INTO [dbo].[Insumo] ([InsumoId], [SubConceptoId], [Descripcion], [UnidadMedidaId], [FechaAlta], [FechaBaja], [UltimoPrecioCompra]) VALUES (13, 15, N'VIGUETA PRETENSADA HORMIGON 2M LARGO', 3, '20200601 07:52:42.903', NULL, 0.00)
INSERT INTO [dbo].[Insumo] ([InsumoId], [SubConceptoId], [Descripcion], [UnidadMedidaId], [FechaAlta], [FechaBaja], [UltimoPrecioCompra]) VALUES (14, 6, N'PUNTAL PINO 3X6 3M ', 3, '20200601 07:54:31.687', NULL, 0.00)
INSERT INTO [dbo].[Insumo] ([InsumoId], [SubConceptoId], [Descripcion], [UnidadMedidaId], [FechaAlta], [FechaBaja], [UltimoPrecioCompra]) VALUES (15, 6, N'PUNTAL PINO 3X3 3M', 3, '20200601 07:55:22.297', NULL, 0.00)
INSERT INTO [dbo].[Insumo] ([InsumoId], [SubConceptoId], [Descripcion], [UnidadMedidaId], [FechaAlta], [FechaBaja], [UltimoPrecioCompra]) VALUES (16, 10, N'PLACA COMPACTADORA - VC 60 MMQ MOTOS HONDA GP 160', 3, '20200601 07:57:01.670', NULL, 0.00)
INSERT INTO [dbo].[Insumo] ([InsumoId], [SubConceptoId], [Descripcion], [UnidadMedidaId], [FechaAlta], [FechaBaja], [UltimoPrecioCompra]) VALUES (17, 10, N'TAPON VALVULA PARA PRUEBA HIDRÁULICA 110DB ', 3, '20200601 07:57:54.267', NULL, 0.00)
INSERT INTO [dbo].[Insumo] ([InsumoId], [SubConceptoId], [Descripcion], [UnidadMedidaId], [FechaAlta], [FechaBaja], [UltimoPrecioCompra]) VALUES (18, 10, N'VIBRADOR HORMIGON ELÉCTRICO', 3, '20200601 07:59:57.110', NULL, 0.00)
INSERT INTO [dbo].[Insumo] ([InsumoId], [SubConceptoId], [Descripcion], [UnidadMedidaId], [FechaAlta], [FechaBaja], [UltimoPrecioCompra]) VALUES (19, 10, N'VIBRADOR HORMIGON ELÉCTRICO', 3, '20200601 07:59:57.157', NULL, 0.00)
INSERT INTO [dbo].[Insumo] ([InsumoId], [SubConceptoId], [Descripcion], [UnidadMedidaId], [FechaAlta], [FechaBaja], [UltimoPrecioCompra]) VALUES (20, 10, N'EJE FLEXIBLE PARA VIBRADOR MMQ 38MM', 3, '20200601 08:01:43.000', NULL, 0.00)
INSERT INTO [dbo].[Insumo] ([InsumoId], [SubConceptoId], [Descripcion], [UnidadMedidaId], [FechaAlta], [FechaBaja], [UltimoPrecioCompra]) VALUES (21, 10, N'VIBRADOR DE HORMIGÓN A EXPLOSIÓN 6,5', 3, '20200601 08:06:35.600', NULL, 0.00)
INSERT INTO [dbo].[Insumo] ([InsumoId], [SubConceptoId], [Descripcion], [UnidadMedidaId], [FechaAlta], [FechaBaja], [UltimoPrecioCompra]) VALUES (22, 10, N'EJE FLEXIBLE VIBRADOR 28MM', 3, '20200601 08:08:27.000', '20201007 09:09:48.060', NULL)
INSERT INTO [dbo].[Insumo] ([InsumoId], [SubConceptoId], [Descripcion], [UnidadMedidaId], [FechaAlta], [FechaBaja], [UltimoPrecioCompra]) VALUES (23, 10, N'MARTILLO DEMOLEDOR - 27J 1500W MAGNUM DOWEN PAGIO', 3, '20200601 08:10:13.043', NULL, 0.00)
INSERT INTO [dbo].[Insumo] ([InsumoId], [SubConceptoId], [Descripcion], [UnidadMedidaId], [FechaAlta], [FechaBaja], [UltimoPrecioCompra]) VALUES (24, 10, N'TALADRO PERCUTOR BOSCH GSB 16 RE MALETIN 750W VEL VARIABLE', 3, '20200601 08:11:27.120', NULL, 0.00)
INSERT INTO [dbo].[Insumo] ([InsumoId], [SubConceptoId], [Descripcion], [UnidadMedidaId], [FechaAlta], [FechaBaja], [UltimoPrecioCompra]) VALUES (25, 10, N'SIERRA CIRCULAR BOSCH 7"', 3, '20200601 08:12:31.060', NULL, 0.00)
INSERT INTO [dbo].[Insumo] ([InsumoId], [SubConceptoId], [Descripcion], [UnidadMedidaId], [FechaAlta], [FechaBaja], [UltimoPrecioCompra]) VALUES (26, 10, N'AMOLADORA BOSCH - GWS 6-115 AMOL ANG 4 1/2" 670W', 3, '20200601 08:15:01.487', NULL, 0.00)
INSERT INTO [dbo].[Insumo] ([InsumoId], [SubConceptoId], [Descripcion], [UnidadMedidaId], [FechaAlta], [FechaBaja], [UltimoPrecioCompra]) VALUES (27, 10, N'MARTILLO ELÉCTRICO 10KG BOSCH GHS 5', 3, '20200601 08:16:51.000', NULL, 0.00)
INSERT INTO [dbo].[Insumo] ([InsumoId], [SubConceptoId], [Descripcion], [UnidadMedidaId], [FechaAlta], [FechaBaja], [UltimoPrecioCompra]) VALUES (28, 10, N'BOMBA 3/4 HP  - PARA AGUA', 3, '20200601 08:18:39.910', NULL, 0.00)
INSERT INTO [dbo].[Insumo] ([InsumoId], [SubConceptoId], [Descripcion], [UnidadMedidaId], [FechaAlta], [FechaBaja], [UltimoPrecioCompra]) VALUES (29, 10, N'NIVEL OPTICO BOSCH CGOL 26D C/TRIPODE Y MIRA', 3, '20200601 08:19:49.943', NULL, 0.00)
INSERT INTO [dbo].[Insumo] ([InsumoId], [SubConceptoId], [Descripcion], [UnidadMedidaId], [FechaAlta], [FechaBaja], [UltimoPrecioCompra]) VALUES (30, 10, N'BOMBA COLORACION DOSIVAC SERIE MILENIO', 3, '20200601 08:26:25.823', NULL, 0.00)
INSERT INTO [dbo].[Insumo] ([InsumoId], [SubConceptoId], [Descripcion], [UnidadMedidaId], [FechaAlta], [FechaBaja], [UltimoPrecioCompra]) VALUES (31, 10, N'PUNTA BOMBA SUMERGIBLE', 3, '20200601 08:27:36.357', NULL, 0.00)
INSERT INTO [dbo].[Insumo] ([InsumoId], [SubConceptoId], [Descripcion], [UnidadMedidaId], [FechaAlta], [FechaBaja], [UltimoPrecioCompra]) VALUES (32, 2, N'CAÑO DRENA 160', 3, '20200601 08:29:44.250', NULL, 0.00)
INSERT INTO [dbo].[Insumo] ([InsumoId], [SubConceptoId], [Descripcion], [UnidadMedidaId], [FechaAlta], [FechaBaja], [UltimoPrecioCompra]) VALUES (33, 2, N'CAÑO DRENA 160', 3, '20200601 08:33:05.330', NULL, 0.00)
INSERT INTO [dbo].[Insumo] ([InsumoId], [SubConceptoId], [Descripcion], [UnidadMedidaId], [FechaAlta], [FechaBaja], [UltimoPrecioCompra]) VALUES (34, 14, N'SIKA TOP SEAL107 FLEX X 20KG', 3, '20200601 08:54:18.000', NULL, 0.00)
INSERT INTO [dbo].[Insumo] ([InsumoId], [SubConceptoId], [Descripcion], [UnidadMedidaId], [FechaAlta], [FechaBaja], [UltimoPrecioCompra]) VALUES (35, 14, N'ADITIVO HIDROFUGO SIKA 1 X 5LTS', 3, '20200601 08:55:15.000', NULL, 0.00)
INSERT INTO [dbo].[Insumo] ([InsumoId], [SubConceptoId], [Descripcion], [UnidadMedidaId], [FechaAlta], [FechaBaja], [UltimoPrecioCompra]) VALUES (36, 14, N'ADITIVO HIDROFUGO SIKA 1 X 1LT', 3, '20200601 08:55:59.000', NULL, 0.00)
INSERT INTO [dbo].[Insumo] ([InsumoId], [SubConceptoId], [Descripcion], [UnidadMedidaId], [FechaAlta], [FechaBaja], [UltimoPrecioCompra]) VALUES (37, 20, N'CAÑO DE ZINC DIAMETRO 100', 3, '20200602 07:11:28.587', NULL, 0.00)
INSERT INTO [dbo].[Insumo] ([InsumoId], [SubConceptoId], [Descripcion], [UnidadMedidaId], [FechaAlta], [FechaBaja], [UltimoPrecioCompra]) VALUES (38, 20, N'CAÑO DE ZINC DIAMETRO 63', 3, '20200602 07:12:26.167', NULL, 0.00)
INSERT INTO [dbo].[Insumo] ([InsumoId], [SubConceptoId], [Descripcion], [UnidadMedidaId], [FechaAlta], [FechaBaja], [UltimoPrecioCompra]) VALUES (39, 15, N'CLAVOS ESPIRALADOS PUNTA PARIS 2"', 3, '20200602 07:13:48.000', NULL, 0.00)
INSERT INTO [dbo].[Insumo] ([InsumoId], [SubConceptoId], [Descripcion], [UnidadMedidaId], [FechaAlta], [FechaBaja], [UltimoPrecioCompra]) VALUES (40, 15, N'CAJA CLAVOS ESPIRALADOS PUNTA PARIS 2 1/2"', 3, '20200602 07:14:49.000', '20200821 05:14:18.423', NULL)
INSERT INTO [dbo].[Insumo] ([InsumoId], [SubConceptoId], [Descripcion], [UnidadMedidaId], [FechaAlta], [FechaBaja], [UltimoPrecioCompra]) VALUES (41, 9, N'ENCOFRADO METALICO PARA COLUMNA DIAM 4 (3M DE LARGO)', 3, '20200602 07:17:59.310', NULL, 0.00)
INSERT INTO [dbo].[Insumo] ([InsumoId], [SubConceptoId], [Descripcion], [UnidadMedidaId], [FechaAlta], [FechaBaja], [UltimoPrecioCompra]) VALUES (42, 20, N'TUBO DE ZINC PARA CHIMENEA DIÁMETRO (PARA ENSAMBLE)', 3, '20200602 07:20:24.593', NULL, 0.00)
INSERT INTO [dbo].[Insumo] ([InsumoId], [SubConceptoId], [Descripcion], [UnidadMedidaId], [FechaAlta], [FechaBaja], [UltimoPrecioCompra]) VALUES (43, 18, N'ESCALERA METÁLICA 1 TRAMO ', 3, '20200602 07:22:04.063', NULL, 0.00)
INSERT INTO [dbo].[Insumo] ([InsumoId], [SubConceptoId], [Descripcion], [UnidadMedidaId], [FechaAlta], [FechaBaja], [UltimoPrecioCompra]) VALUES (44, 18, N'ESCALERA MADERA DOS TRAMOS 1.50 LARGO', 3, '20200602 07:23:18.000', NULL, 0.00)
INSERT INTO [dbo].[Insumo] ([InsumoId], [SubConceptoId], [Descripcion], [UnidadMedidaId], [FechaAlta], [FechaBaja], [UltimoPrecioCompra]) VALUES (45, 18, N'ESCALERA MADERA DOS TRAMOS 2.20M ', 3, '20200602 07:35:18.000', NULL, 0.00)
INSERT INTO [dbo].[Insumo] ([InsumoId], [SubConceptoId], [Descripcion], [UnidadMedidaId], [FechaAlta], [FechaBaja], [UltimoPrecioCompra]) VALUES (46, 15, N'PISO FLOTANTE MADERA MARCA PATAGONIA ', 3, '20200602 07:36:37.000', NULL, 0.00)
INSERT INTO [dbo].[Insumo] ([InsumoId], [SubConceptoId], [Descripcion], [UnidadMedidaId], [FechaAlta], [FechaBaja], [UltimoPrecioCompra]) VALUES (47, 2, N'INODORO CORTO FERRUM MODELO BARI', 3, '20200602 07:37:10.640', NULL, 0.00)
INSERT INTO [dbo].[Insumo] ([InsumoId], [SubConceptoId], [Descripcion], [UnidadMedidaId], [FechaAlta], [FechaBaja], [UltimoPrecioCompra]) VALUES (48, 15, N'MANGUERA NEGRA 30M', 3, '20200602 07:38:13.000', NULL, 0.00)
INSERT INTO [dbo].[Insumo] ([InsumoId], [SubConceptoId], [Descripcion], [UnidadMedidaId], [FechaAlta], [FechaBaja], [UltimoPrecioCompra]) VALUES (49, 2, N'MANGUERA AMARILLA DESAGUE (DIPAS)', 3, '20200602 07:39:27.470', NULL, 0.00)
INSERT INTO [dbo].[Insumo] ([InsumoId], [SubConceptoId], [Descripcion], [UnidadMedidaId], [FechaAlta], [FechaBaja], [UltimoPrecioCompra]) VALUES (50, 2, N'PIEZA DIPAS CAMARA', 3, '20200602 07:40:15.410', NULL, 0.00)
INSERT INTO [dbo].[Insumo] ([InsumoId], [SubConceptoId], [Descripcion], [UnidadMedidaId], [FechaAlta], [FechaBaja], [UltimoPrecioCompra]) VALUES (51, 2, N'PIEZA DIPAS CAMARA', 3, '20200602 07:40:50.490', NULL, 0.00)
INSERT INTO [dbo].[Insumo] ([InsumoId], [SubConceptoId], [Descripcion], [UnidadMedidaId], [FechaAlta], [FechaBaja], [UltimoPrecioCompra]) VALUES (52, 2, N'ADHESIVO ESPECIAL TIGRE (PARA TUBOS PVC) X  1 LT', 3, '20200602 07:41:42.000', NULL, 0.00)
INSERT INTO [dbo].[Insumo] ([InsumoId], [SubConceptoId], [Descripcion], [UnidadMedidaId], [FechaAlta], [FechaBaja], [UltimoPrecioCompra]) VALUES (53, 2, N'BARRAL PARA TOALLA MARCA FV', 3, '20200602 07:42:39.913', NULL, 0.00)
INSERT INTO [dbo].[Insumo] ([InsumoId], [SubConceptoId], [Descripcion], [UnidadMedidaId], [FechaAlta], [FechaBaja], [UltimoPrecioCompra]) VALUES (54, 2, N'PILETA DE PATIO 2 ENTRADAS', 3, '20200602 07:43:20.867', NULL, 0.00)
INSERT INTO [dbo].[Insumo] ([InsumoId], [SubConceptoId], [Descripcion], [UnidadMedidaId], [FechaAlta], [FechaBaja], [UltimoPrecioCompra]) VALUES (55, 14, N'PINTURA ASFÁLTICA (BASE SOLVENTE) TARRO 200LTS', 3, '20200602 07:44:37.000', '20200608 09:36:46.213', NULL)
INSERT INTO [dbo].[Insumo] ([InsumoId], [SubConceptoId], [Descripcion], [UnidadMedidaId], [FechaAlta], [FechaBaja], [UltimoPrecioCompra]) VALUES (56, 14, N'PINTURA ASFÁLTICA (BASE SOLVENTE) X  18LTS', 3, '20200602 07:45:12.000', '20201020 09:17:19.743', NULL)
INSERT INTO [dbo].[Insumo] ([InsumoId], [SubConceptoId], [Descripcion], [UnidadMedidaId], [FechaAlta], [FechaBaja], [UltimoPrecioCompra]) VALUES (57, 14, N'FILM CAPA AISLADORA 0,15X50M', 3, '20200602 07:46:06.000', NULL, 0.00)
INSERT INTO [dbo].[Insumo] ([InsumoId], [SubConceptoId], [Descripcion], [UnidadMedidaId], [FechaAlta], [FechaBaja], [UltimoPrecioCompra]) VALUES (58, 14, N'SIKA LATEX ADHESIVO X  5LTS ', 3, '20200602 07:47:56.000', NULL, 0.00)
INSERT INTO [dbo].[Insumo] ([InsumoId], [SubConceptoId], [Descripcion], [UnidadMedidaId], [FechaAlta], [FechaBaja], [UltimoPrecioCompra]) VALUES (59, 14, N'LIQUID COVER (RECUBRIMIENTO ALUMINIZADO ANTI UV) X 250CC', 3, '20200602 07:49:16.000', NULL, 0.00)
INSERT INTO [dbo].[Insumo] ([InsumoId], [SubConceptoId], [Descripcion], [UnidadMedidaId], [FechaAlta], [FechaBaja], [UltimoPrecioCompra]) VALUES (60, 18, N'RIENDAS PARA ANDAMIO ', 3, '20200602 07:50:58.577', NULL, 0.00)
INSERT INTO [dbo].[Insumo] ([InsumoId], [SubConceptoId], [Descripcion], [UnidadMedidaId], [FechaAlta], [FechaBaja], [UltimoPrecioCompra]) VALUES (61, 15, N'BOLSA SEPARADORES PLASTICOS A7 PARA HORMIGON HIERROS DIAM 6 AL10', 3, '20200602 07:51:56.793', NULL, 0.00)
INSERT INTO [dbo].[Insumo] ([InsumoId], [SubConceptoId], [Descripcion], [UnidadMedidaId], [FechaAlta], [FechaBaja], [UltimoPrecioCompra]) VALUES (62, 14, N'SIKA INERTOLTECH  X 18LTS', 3, '20200602 07:53:56.000', NULL, 0.00)
INSERT INTO [dbo].[Insumo] ([InsumoId], [SubConceptoId], [Descripcion], [UnidadMedidaId], [FechaAlta], [FechaBaja], [UltimoPrecioCompra]) VALUES (63, 18, N'MALLA SEGURIDAD NARANJA ', 3, '20200602 07:54:38.000', NULL, 0.00)
INSERT INTO [dbo].[Insumo] ([InsumoId], [SubConceptoId], [Descripcion], [UnidadMedidaId], [FechaAlta], [FechaBaja], [UltimoPrecioCompra]) VALUES (64, 15, N'MITAD DE BOLSA SEPARADORES PLASTICOS D7 PARA H A  HIERROS DIAM 6 A 25', 3, '20200602 07:55:22.017', NULL, 0.00)
INSERT INTO [dbo].[Insumo] ([InsumoId], [SubConceptoId], [Descripcion], [UnidadMedidaId], [FechaAlta], [FechaBaja], [UltimoPrecioCompra]) VALUES (65, 14, N'SIKA TOP SEAL 107 FLEX BOLSA 20KG', 3, '20200602 07:57:46.707', NULL, 0.00)
INSERT INTO [dbo].[Insumo] ([InsumoId], [SubConceptoId], [Descripcion], [UnidadMedidaId], [FechaAlta], [FechaBaja], [UltimoPrecioCompra]) VALUES (66, 15, N'PASTINA KLAUKOL 5KG', 3, '20200602 07:58:34.097', NULL, 0.00)
INSERT INTO [dbo].[Insumo] ([InsumoId], [SubConceptoId], [Descripcion], [UnidadMedidaId], [FechaAlta], [FechaBaja], [UltimoPrecioCompra]) VALUES (67, 3, N'CABLE TPR', 3, '20200602 07:59:17.000', NULL, 0.00)
INSERT INTO [dbo].[Insumo] ([InsumoId], [SubConceptoId], [Descripcion], [UnidadMedidaId], [FechaAlta], [FechaBaja], [UltimoPrecioCompra]) VALUES (68, 15, N'MOLONES TELGOPOR (1X1M X 15CM)', 3, '20200602 08:00:35.147', NULL, 0.00)
INSERT INTO [dbo].[Insumo] ([InsumoId], [SubConceptoId], [Descripcion], [UnidadMedidaId], [FechaAlta], [FechaBaja], [UltimoPrecioCompra]) VALUES (69, 15, N'ALAMBRON 4', 3, '20200602 08:01:44.000', NULL, 0.00)
INSERT INTO [dbo].[Insumo] ([InsumoId], [SubConceptoId], [Descripcion], [UnidadMedidaId], [FechaAlta], [FechaBaja], [UltimoPrecioCompra]) VALUES (70, 15, N'ALAMBRON 6', 3, '20200602 08:02:07.000', NULL, 0.00)
INSERT INTO [dbo].[Insumo] ([InsumoId], [SubConceptoId], [Descripcion], [UnidadMedidaId], [FechaAlta], [FechaBaja], [UltimoPrecioCompra]) VALUES (71, 15, N'ALAMBRE DE ATAR ', 3, '20200602 08:02:42.000', NULL, 0.00)
INSERT INTO [dbo].[Insumo] ([InsumoId], [SubConceptoId], [Descripcion], [UnidadMedidaId], [FechaAlta], [FechaBaja], [UltimoPrecioCompra]) VALUES (72, 15, N'TACO FISCHER DEL 8', 3, '20200602 08:04:41.993', NULL, 0.00)
INSERT INTO [dbo].[Insumo] ([InsumoId], [SubConceptoId], [Descripcion], [UnidadMedidaId], [FechaAlta], [FechaBaja], [UltimoPrecioCompra]) VALUES (73, 15, N'ALAMBRON 7', 3, '20200602 08:05:15.000', NULL, 0.00)
INSERT INTO [dbo].[Insumo] ([InsumoId], [SubConceptoId], [Descripcion], [UnidadMedidaId], [FechaAlta], [FechaBaja], [UltimoPrecioCompra]) VALUES (76, 10, N'TABLERO ELÉCTRICO 1 - TRIFASICO CON TERMICA TETRAPOLAR Y DISYUNTOR 40 AMP', 3, '20200603 09:03:10.713', NULL, 0.00)
INSERT INTO [dbo].[Insumo] ([InsumoId], [SubConceptoId], [Descripcion], [UnidadMedidaId], [FechaAlta], [FechaBaja], [UltimoPrecioCompra]) VALUES (78, 10, N'TABLERO ELÉCTRICO 2 - TRIFÁSICO CON DISYUNTOR 40AMP - 3 TOMAS MONOFASICAS - 2 TERMICAS BIPO', 3, '20200603 09:06:40.433', NULL, 0.00)
INSERT INTO [dbo].[Insumo] ([InsumoId], [SubConceptoId], [Descripcion], [UnidadMedidaId], [FechaAlta], [FechaBaja], [UltimoPrecioCompra]) VALUES (79, 18, N'CUERPO DE ANDAMIO', 3, '20200605 06:43:56.757', NULL, 0.00)
INSERT INTO [dbo].[Insumo] ([InsumoId], [SubConceptoId], [Descripcion], [UnidadMedidaId], [FechaAlta], [FechaBaja], [UltimoPrecioCompra]) VALUES (80, 16, N'ARNES CUERPO COMPLETO, LUMBAR, 3 CONEX', 3, '20200605 06:57:18.000', '20200609 09:53:57.593', NULL)
INSERT INTO [dbo].[Insumo] ([InsumoId], [SubConceptoId], [Descripcion], [UnidadMedidaId], [FechaAlta], [FechaBaja], [UltimoPrecioCompra]) VALUES (81, 15, N'UPN 160 LARGO 8.75M', 3, '20200605 07:07:26.280', NULL, 0.00)
INSERT INTO [dbo].[Insumo] ([InsumoId], [SubConceptoId], [Descripcion], [UnidadMedidaId], [FechaAlta], [FechaBaja], [UltimoPrecioCompra]) VALUES (82, 15, N'PERFIL UPN 160 LARGO 2.90M', 3, '20200605 07:09:23.810', NULL, 0.00)
INSERT INTO [dbo].[Insumo] ([InsumoId], [SubConceptoId], [Descripcion], [UnidadMedidaId], [FechaAlta], [FechaBaja], [UltimoPrecioCompra]) VALUES (83, 18, N'BASTIDOR MALLA SIMA 3X2M', 3, '20200605 07:11:27.000', NULL, 0.00)
INSERT INTO [dbo].[Insumo] ([InsumoId], [SubConceptoId], [Descripcion], [UnidadMedidaId], [FechaAlta], [FechaBaja], [UltimoPrecioCompra]) VALUES (84, 7, N'VIGAS MADERA 3X6', 3, '20200605 07:13:22.113', NULL, 0.00)
INSERT INTO [dbo].[Insumo] ([InsumoId], [SubConceptoId], [Descripcion], [UnidadMedidaId], [FechaAlta], [FechaBaja], [UltimoPrecioCompra]) VALUES (85, 15, N'TABLAS DE MADERA 10 CM ANCHO  1.00M - 2.20M', 3, '20200605 07:16:59.130', NULL, 0.00)
INSERT INTO [dbo].[Insumo] ([InsumoId], [SubConceptoId], [Descripcion], [UnidadMedidaId], [FechaAlta], [FechaBaja], [UltimoPrecioCompra]) VALUES (86, 2, N'ESCARIADOR PARA CAÑO DE AGUA', 3, '20200605 07:20:36.900', NULL, 0.00)
INSERT INTO [dbo].[Insumo] ([InsumoId], [SubConceptoId], [Descripcion], [UnidadMedidaId], [FechaAlta], [FechaBaja], [UltimoPrecioCompra]) VALUES (87, 2, N'TAPÓN HIDRÁULICA DE 110', 3, '20200605 07:21:45.137', NULL, 0.00)
INSERT INTO [dbo].[Insumo] ([InsumoId], [SubConceptoId], [Descripcion], [UnidadMedidaId], [FechaAlta], [FechaBaja], [UltimoPrecioCompra]) VALUES (88, 4, N'CAÑOS DE GAS 3/4" ', 3, '20200605 07:22:22.730', NULL, 0.00)
INSERT INTO [dbo].[Insumo] ([InsumoId], [SubConceptoId], [Descripcion], [UnidadMedidaId], [FechaAlta], [FechaBaja], [UltimoPrecioCompra]) VALUES (89, 2, N'CAÑO DE GAS 1 1/4"', 3, '20200605 07:23:05.840', NULL, 0.00)
INSERT INTO [dbo].[Insumo] ([InsumoId], [SubConceptoId], [Descripcion], [UnidadMedidaId], [FechaAlta], [FechaBaja], [UltimoPrecioCompra]) VALUES (90, 15, N'MANGUERA NEGRA DE OBRA 15M LARGO', 3, '20200605 07:24:34.810', NULL, 0.00)
INSERT INTO [dbo].[Insumo] ([InsumoId], [SubConceptoId], [Descripcion], [UnidadMedidaId], [FechaAlta], [FechaBaja], [UltimoPrecioCompra]) VALUES (91, 14, N'MITAD ROLLO DE MEMBRANA GEOTEXTIL', 3, '20200605 07:25:32.140', NULL, 0.00)
INSERT INTO [dbo].[Insumo] ([InsumoId], [SubConceptoId], [Descripcion], [UnidadMedidaId], [FechaAlta], [FechaBaja], [UltimoPrecioCompra]) VALUES (92, 3, N'CORRUGADO 3/4 AZUL ', 3, '20200605 07:28:49.000', NULL, 0.00)
INSERT INTO [dbo].[Insumo] ([InsumoId], [SubConceptoId], [Descripcion], [UnidadMedidaId], [FechaAlta], [FechaBaja], [UltimoPrecioCompra]) VALUES (93, 15, N'CANTONERAS PARA DURLOCK MEDIDAS ', 3, '20200605 07:30:00.627', NULL, 0.00)
INSERT INTO [dbo].[Insumo] ([InsumoId], [SubConceptoId], [Descripcion], [UnidadMedidaId], [FechaAlta], [FechaBaja], [UltimoPrecioCompra]) VALUES (94, 12, N'RASQUETA RETAK', 3, '20200605 07:34:17.000', '20200605 07:37:01.553', NULL)
INSERT INTO [dbo].[Insumo] ([InsumoId], [SubConceptoId], [Descripcion], [UnidadMedidaId], [FechaAlta], [FechaBaja], [UltimoPrecioCompra]) VALUES (95, 12, N'MAZA GOMA', 3, '20200605 07:36:05.000', NULL, 0.00)
INSERT INTO [dbo].[Insumo] ([InsumoId], [SubConceptoId], [Descripcion], [UnidadMedidaId], [FechaAlta], [FechaBaja], [UltimoPrecioCompra]) VALUES (96, 12, N'MAZA GOMA RETAK', 3, '20200605 07:37:32.000', '20200702 05:27:16.037', NULL)
INSERT INTO [dbo].[Insumo] ([InsumoId], [SubConceptoId], [Descripcion], [UnidadMedidaId], [FechaAlta], [FechaBaja], [UltimoPrecioCompra]) VALUES (97, 12, N'CUCHARA  7,5 C/LLANA', 3, '20200605 07:38:19.000', NULL, 0.00)
INSERT INTO [dbo].[Insumo] ([InsumoId], [SubConceptoId], [Descripcion], [UnidadMedidaId], [FechaAlta], [FechaBaja], [UltimoPrecioCompra]) VALUES (98, 12, N'CUCHARA 12,5 C/LLANA', 3, '20200605 07:38:45.000', NULL, 0.00)
INSERT INTO [dbo].[Insumo] ([InsumoId], [SubConceptoId], [Descripcion], [UnidadMedidaId], [FechaAlta], [FechaBaja], [UltimoPrecioCompra]) VALUES (99, 12, N'CUCHARA  17,5 C/LLANA', 3, '20200605 07:40:14.000', NULL, 0.00)
INSERT INTO [dbo].[Insumo] ([InsumoId], [SubConceptoId], [Descripcion], [UnidadMedidaId], [FechaAlta], [FechaBaja], [UltimoPrecioCompra]) VALUES (100, 11, N'SERRUCHO', 3, '20200605 07:40:37.183', NULL, 0.00)
INSERT INTO [dbo].[Insumo] ([InsumoId], [SubConceptoId], [Descripcion], [UnidadMedidaId], [FechaAlta], [FechaBaja], [UltimoPrecioCompra]) VALUES (101, 15, N'BOLSA DE YESO ENTRE RIOS 40KG', 3, '20200605 07:54:15.913', NULL, 0.00)
INSERT INTO [dbo].[Insumo] ([InsumoId], [SubConceptoId], [Descripcion], [UnidadMedidaId], [FechaAlta], [FechaBaja], [UltimoPrecioCompra]) VALUES (102, 6, N'PUNTAL PINO 3*3 2MTS', 3, '20200605 08:25:27.613', NULL, 0.00)
INSERT INTO [dbo].[Insumo] ([InsumoId], [SubConceptoId], [Descripcion], [UnidadMedidaId], [FechaAlta], [FechaBaja], [UltimoPrecioCompra]) VALUES (103, 6, N'PUNTAL PINO 3*3 1MT', 3, '20200605 08:26:14.803', NULL, 0.00)
INSERT INTO [dbo].[Insumo] ([InsumoId], [SubConceptoId], [Descripcion], [UnidadMedidaId], [FechaAlta], [FechaBaja], [UltimoPrecioCompra]) VALUES (104, 8, N'FENOLICOS FILM USADOS 1,22X2,44 ', 3, '20200605 08:27:58.000', NULL, 0.00)
INSERT INTO [dbo].[Insumo] ([InsumoId], [SubConceptoId], [Descripcion], [UnidadMedidaId], [FechaAlta], [FechaBaja], [UltimoPrecioCompra]) VALUES (105, 3, N'CABLE', 3, '20200605 08:37:25.000', NULL, 0.00)
INSERT INTO [dbo].[Insumo] ([InsumoId], [SubConceptoId], [Descripcion], [UnidadMedidaId], [FechaAlta], [FechaBaja], [UltimoPrecioCompra]) VALUES (106, 14, N'PINTURA ASFÁLTICA (BASE SOLVENTE) X 100 LTS', 3, '20200608 09:37:22.000', NULL, 0.00)
INSERT INTO [dbo].[Insumo] ([InsumoId], [SubConceptoId], [Descripcion], [UnidadMedidaId], [FechaAlta], [FechaBaja], [UltimoPrecioCompra]) VALUES (107, 16, N'GUANTES MOTEADOS COLOR ROJO', 3, '20200609 05:46:03.573', NULL, 0.00)
INSERT INTO [dbo].[Insumo] ([InsumoId], [SubConceptoId], [Descripcion], [UnidadMedidaId], [FechaAlta], [FechaBaja], [UltimoPrecioCompra]) VALUES (108, 16, N'BARBIJO FRISELINA BICAPA', 3, '20200609 07:54:44.000', '20201109 08:15:16.743', NULL)
INSERT INTO [dbo].[Insumo] ([InsumoId], [SubConceptoId], [Descripcion], [UnidadMedidaId], [FechaAlta], [FechaBaja], [UltimoPrecioCompra]) VALUES (109, 16, N'ARNES CUERPO COMPLETO, LUMBAR Y 3 CONEX', 3, '20200609 09:55:23.720', NULL, 0.00)
INSERT INTO [dbo].[Insumo] ([InsumoId], [SubConceptoId], [Descripcion], [UnidadMedidaId], [FechaAlta], [FechaBaja], [UltimoPrecioCompra]) VALUES (110, 18, N'CUERPOS DE ANDAMIO', 3, '20200612 08:07:39.000', '20200924 08:48:11.213', NULL)
INSERT INTO [dbo].[Insumo] ([InsumoId], [SubConceptoId], [Descripcion], [UnidadMedidaId], [FechaAlta], [FechaBaja], [UltimoPrecioCompra]) VALUES (111, 15, N'CHAPA SINUSOIDAL ZINCADA 3X1.10', 3, '20200612 08:14:13.700', NULL, 0.00)
INSERT INTO [dbo].[Insumo] ([InsumoId], [SubConceptoId], [Descripcion], [UnidadMedidaId], [FechaAlta], [FechaBaja], [UltimoPrecioCompra]) VALUES (112, 10, N'TABLERO ELECTRICO 3 -  5 TOMAS 5 TERMICAS', 3, '20200612 09:15:17.000', NULL, 0.00)
INSERT INTO [dbo].[Insumo] ([InsumoId], [SubConceptoId], [Descripcion], [UnidadMedidaId], [FechaAlta], [FechaBaja], [UltimoPrecioCompra]) VALUES (113, 22, N'PERFIL UPN 140 X 6ML', 3, '20200617 12:02:34.000', '20200727 06:33:44.147', NULL)
INSERT INTO [dbo].[Insumo] ([InsumoId], [SubConceptoId], [Descripcion], [UnidadMedidaId], [FechaAlta], [FechaBaja], [UltimoPrecioCompra]) VALUES (114, 22, N'HIERRO DN BARRA 06 MM', 3, '20200617 12:13:57.000', '20200727 06:35:13.160', NULL)
INSERT INTO [dbo].[Insumo] ([InsumoId], [SubConceptoId], [Descripcion], [UnidadMedidaId], [FechaAlta], [FechaBaja], [UltimoPrecioCompra]) VALUES (115, 22, N'HIERRO DN BARRA 8 MM', 3, '20200617 12:14:56.000', '20200727 06:33:59.237', NULL)
INSERT INTO [dbo].[Insumo] ([InsumoId], [SubConceptoId], [Descripcion], [UnidadMedidaId], [FechaAlta], [FechaBaja], [UltimoPrecioCompra]) VALUES (116, 22, N'HIERRO DN BARRA 10 MM', 3, '20200617 12:17:05.000', '20200727 06:35:01.020', NULL)
INSERT INTO [dbo].[Insumo] ([InsumoId], [SubConceptoId], [Descripcion], [UnidadMedidaId], [FechaAlta], [FechaBaja], [UltimoPrecioCompra]) VALUES (117, 22, N'HIERRO DN BARRA 12 MM', 3, '20200617 12:18:12.000', '20200727 06:34:50.573', NULL)
INSERT INTO [dbo].[Insumo] ([InsumoId], [SubConceptoId], [Descripcion], [UnidadMedidaId], [FechaAlta], [FechaBaja], [UltimoPrecioCompra]) VALUES (118, 22, N'HIERRO DN BARRA 16 MM', 3, '20200617 12:18:38.000', '20200727 06:34:23.457', NULL)
INSERT INTO [dbo].[Insumo] ([InsumoId], [SubConceptoId], [Descripcion], [UnidadMedidaId], [FechaAlta], [FechaBaja], [UltimoPrecioCompra]) VALUES (119, 22, N'HIERRO DN BARRA 20 MM', 3, '20200617 12:19:05.000', '20200727 06:34:15.827', NULL)
INSERT INTO [dbo].[Insumo] ([InsumoId], [SubConceptoId], [Descripcion], [UnidadMedidaId], [FechaAlta], [FechaBaja], [UltimoPrecioCompra]) VALUES (120, 22, N'L2 X 2 X 6ML', 3, '20200617 12:20:01.000', '20200727 06:33:25.333', NULL)
INSERT INTO [dbo].[Insumo] ([InsumoId], [SubConceptoId], [Descripcion], [UnidadMedidaId], [FechaAlta], [FechaBaja], [UltimoPrecioCompra]) VALUES (121, 22, N'MALLA SIMA Q335 DIAM 8 15X15CM (2.15M X 6M)', 3, '20200617 12:20:58.000', '20200727 06:33:06.210', NULL)
INSERT INTO [dbo].[Insumo] ([InsumoId], [SubConceptoId], [Descripcion], [UnidadMedidaId], [FechaAlta], [FechaBaja], [UltimoPrecioCompra]) VALUES (122, 22, N'MALLA SIMA Q188 DIAM 6 15X15CM (2.15M X 6M)', 3, '20200617 12:22:01.000', '20200727 06:33:17.533', NULL)
INSERT INTO [dbo].[Insumo] ([InsumoId], [SubConceptoId], [Descripcion], [UnidadMedidaId], [FechaAlta], [FechaBaja], [UltimoPrecioCompra]) VALUES (123, 15, N'ALAMBRON 17 A GRANEL ', 3, '20200617 12:23:06.000', '20200824 05:15:59.217', NULL)
INSERT INTO [dbo].[Insumo] ([InsumoId], [SubConceptoId], [Descripcion], [UnidadMedidaId], [FechaAlta], [FechaBaja], [UltimoPrecioCompra]) VALUES (124, 15, N'CLAVOS ESPIRALADOS PUNTA PARIS 2 1/2"', 2, '20200617 12:25:01.000', '20200821 05:16:27.807', NULL)
INSERT INTO [dbo].[Insumo] ([InsumoId], [SubConceptoId], [Descripcion], [UnidadMedidaId], [FechaAlta], [FechaBaja], [UltimoPrecioCompra]) VALUES (125, 15, N'CLAVOS ESPIRALADOS PUNTA PARIS 2"', 2, '20200617 12:25:50.000', '20200821 05:19:14.920', NULL)
INSERT INTO [dbo].[Insumo] ([InsumoId], [SubConceptoId], [Descripcion], [UnidadMedidaId], [FechaAlta], [FechaBaja], [UltimoPrecioCompra]) VALUES (126, 15, N'ALAMBRON 4MM', 2, '20200617 12:26:40.000', '20200824 05:16:22.637', NULL)
INSERT INTO [dbo].[Insumo] ([InsumoId], [SubConceptoId], [Descripcion], [UnidadMedidaId], [FechaAlta], [FechaBaja], [UltimoPrecioCompra]) VALUES (127, 15, N'ALAMBRON 6MM', 2, '20200617 12:27:06.000', '20200821 05:12:09.527', NULL)
INSERT INTO [dbo].[Insumo] ([InsumoId], [SubConceptoId], [Descripcion], [UnidadMedidaId], [FechaAlta], [FechaBaja], [UltimoPrecioCompra]) VALUES (128, 6, N'PUNTAL PINO 3*3 2MTS', 3, '20200619 09:41:11.830', NULL, 0.00)
INSERT INTO [dbo].[Insumo] ([InsumoId], [SubConceptoId], [Descripcion], [UnidadMedidaId], [FechaAlta], [FechaBaja], [UltimoPrecioCompra]) VALUES (129, 16, N'PANTALON TIPO GRAFA TALLE 46', 3, '20200626 08:59:33.000', '20200716 10:16:55.577', NULL)
INSERT INTO [dbo].[Insumo] ([InsumoId], [SubConceptoId], [Descripcion], [UnidadMedidaId], [FechaAlta], [FechaBaja], [UltimoPrecioCompra]) VALUES (130, 16, N'CAMISA TIPO GRAFA OBRA TALLE 46', 4, '20200626 09:00:03.000', '20200716 10:15:10.823', NULL)
INSERT INTO [dbo].[Insumo] ([InsumoId], [SubConceptoId], [Descripcion], [UnidadMedidaId], [FechaAlta], [FechaBaja], [UltimoPrecioCompra]) VALUES (131, 16, N'BOTINES DE OBRA N 45', 4, '20200626 09:00:33.000', '20200716 10:36:13.980', NULL)
INSERT INTO [dbo].[Insumo] ([InsumoId], [SubConceptoId], [Descripcion], [UnidadMedidaId], [FechaAlta], [FechaBaja], [UltimoPrecioCompra]) VALUES (132, 3, N'CAJA CHAPA HEXAGONAL 8X8 ', 3, '20200629 07:59:55.293', NULL, 0.00)
INSERT INTO [dbo].[Insumo] ([InsumoId], [SubConceptoId], [Descripcion], [UnidadMedidaId], [FechaAlta], [FechaBaja], [UltimoPrecioCompra]) VALUES (133, 3, N'CAJA CHAPA HEXAGONAL 8X8 ', 3, '20200629 07:59:56.187', NULL, 0.00)
INSERT INTO [dbo].[Insumo] ([InsumoId], [SubConceptoId], [Descripcion], [UnidadMedidaId], [FechaAlta], [FechaBaja], [UltimoPrecioCompra]) VALUES (134, 3, N'CAJA RECTANGULAR 10X6', 3, '20200629 08:00:32.417', NULL, 0.00)
INSERT INTO [dbo].[Insumo] ([InsumoId], [SubConceptoId], [Descripcion], [UnidadMedidaId], [FechaAlta], [FechaBaja], [UltimoPrecioCompra]) VALUES (135, 3, N'CAJA METALICA 6.5X6.5', 3, '20200629 08:01:21.237', NULL, 0.00)
INSERT INTO [dbo].[Insumo] ([InsumoId], [SubConceptoId], [Descripcion], [UnidadMedidaId], [FechaAlta], [FechaBaja], [UltimoPrecioCompra]) VALUES (136, 3, N'CAJA METALICA 5.5X5.5', 3, '20200629 08:02:15.907', NULL, 0.00)
INSERT INTO [dbo].[Insumo] ([InsumoId], [SubConceptoId], [Descripcion], [UnidadMedidaId], [FechaAlta], [FechaBaja], [UltimoPrecioCompra]) VALUES (137, 3, N'CAJA HEXAGONAL METALICA 10X10', 3, '20200629 08:02:50.223', NULL, 0.00)
INSERT INTO [dbo].[Insumo] ([InsumoId], [SubConceptoId], [Descripcion], [UnidadMedidaId], [FechaAlta], [FechaBaja], [UltimoPrecioCompra]) VALUES (138, 3, N'TABLERO ELÉCTRICO ', 3, '20200630 06:06:40.400', NULL, 0.00)
INSERT INTO [dbo].[Insumo] ([InsumoId], [SubConceptoId], [Descripcion], [UnidadMedidaId], [FechaAlta], [FechaBaja], [UltimoPrecioCompra]) VALUES (139, 3, N'TABLERO ELÉCTRICO (ORANGE)', 3, '20200630 06:07:26.797', NULL, 0.00)
INSERT INTO [dbo].[Insumo] ([InsumoId], [SubConceptoId], [Descripcion], [UnidadMedidaId], [FechaAlta], [FechaBaja], [UltimoPrecioCompra]) VALUES (140, 15, N'HORMIGÓN H17', 4, '20200630 15:02:23.000', '20200630 15:03:13.270', NULL)
INSERT INTO [dbo].[Insumo] ([InsumoId], [SubConceptoId], [Descripcion], [UnidadMedidaId], [FechaAlta], [FechaBaja], [UltimoPrecioCompra]) VALUES (141, 10, N'TALADRO STANLEY', 3, '20200702 05:48:24.400', NULL, 0.00)
INSERT INTO [dbo].[Insumo] ([InsumoId], [SubConceptoId], [Descripcion], [UnidadMedidaId], [FechaAlta], [FechaBaja], [UltimoPrecioCompra]) VALUES (142, 18, N'BASTIDOR CON CHAPA 2.40X2.40M', 3, '20200702 07:07:31.337', NULL, 0.00)
INSERT INTO [dbo].[Insumo] ([InsumoId], [SubConceptoId], [Descripcion], [UnidadMedidaId], [FechaAlta], [FechaBaja], [UltimoPrecioCompra]) VALUES (143, 12, N'BATIDOR MORTERO', 3, '20200706 09:38:02.000', NULL, 0.00)
INSERT INTO [dbo].[Insumo] ([InsumoId], [SubConceptoId], [Descripcion], [UnidadMedidaId], [FechaAlta], [FechaBaja], [UltimoPrecioCompra]) VALUES (144, 12, N'BATIDOR PARA RETACK', 3, '20200706 09:38:03.940', NULL, 0.00)
INSERT INTO [dbo].[Insumo] ([InsumoId], [SubConceptoId], [Descripcion], [UnidadMedidaId], [FechaAlta], [FechaBaja], [UltimoPrecioCompra]) VALUES (145, 2, N'SIFON BIDET CURVO A506402210', 3, '20200708 07:47:31.033', NULL, 0.00)
INSERT INTO [dbo].[Insumo] ([InsumoId], [SubConceptoId], [Descripcion], [UnidadMedidaId], [FechaAlta], [FechaBaja], [UltimoPrecioCompra]) VALUES (146, 2, N'TAPA TECLA CADENA BAÑO P1ACCPL1A DUAL BLANCO', 3, '20200708 07:48:10.120', NULL, 0.00)
INSERT INTO [dbo].[Insumo] ([InsumoId], [SubConceptoId], [Descripcion], [UnidadMedidaId], [FechaAlta], [FechaBaja], [UltimoPrecioCompra]) VALUES (147, 2, N'CA/ENT INODORO COL', 3, '20200708 07:50:57.803', NULL, 0.00)
INSERT INTO [dbo].[Insumo] ([InsumoId], [SubConceptoId], [Descripcion], [UnidadMedidaId], [FechaAlta], [FechaBaja], [UltimoPrecioCompra]) VALUES (148, 3, N'TOMA DOBLE CON BASTIDOR BLANCO', 3, '20200708 07:51:27.760', NULL, 0.00)
INSERT INTO [dbo].[Insumo] ([InsumoId], [SubConceptoId], [Descripcion], [UnidadMedidaId], [FechaAlta], [FechaBaja], [UltimoPrecioCompra]) VALUES (149, 3, N'BASTIDOR KALOP GRIS', 3, '20200708 07:54:39.117', NULL, 0.00)
INSERT INTO [dbo].[Insumo] ([InsumoId], [SubConceptoId], [Descripcion], [UnidadMedidaId], [FechaAlta], [FechaBaja], [UltimoPrecioCompra]) VALUES (150, 2, N'TECLA BLANCA KALOP (FIJA)', 3, '20200708 07:55:34.547', NULL, 0.00)
INSERT INTO [dbo].[Insumo] ([InsumoId], [SubConceptoId], [Descripcion], [UnidadMedidaId], [FechaAlta], [FechaBaja], [UltimoPrecioCompra]) VALUES (151, 2, N'UNION CAÑO CORRUGADO PLASTICO', 3, '20200708 07:56:04.267', NULL, 0.00)
INSERT INTO [dbo].[Insumo] ([InsumoId], [SubConceptoId], [Descripcion], [UnidadMedidaId], [FechaAlta], [FechaBaja], [UltimoPrecioCompra]) VALUES (152, 3, N'TECLON BLANCO KALOP ', 3, '20200708 07:56:33.090', NULL, 0.00)
INSERT INTO [dbo].[Insumo] ([InsumoId], [SubConceptoId], [Descripcion], [UnidadMedidaId], [FechaAlta], [FechaBaja], [UltimoPrecioCompra]) VALUES (153, 9, N'SEPARADOR PARA HORMIGON A6 PARA HIERROS DEL 6 AL 10', 3, '20200708 09:54:47.577', NULL, 0.00)
INSERT INTO [dbo].[Insumo] ([InsumoId], [SubConceptoId], [Descripcion], [UnidadMedidaId], [FechaAlta], [FechaBaja], [UltimoPrecioCompra]) VALUES (154, 3, N'TABLERO ELÉCTRICO 3 - CUADRADO', 3, '20200713 08:33:26.267', NULL, 0.00)
INSERT INTO [dbo].[Insumo] ([InsumoId], [SubConceptoId], [Descripcion], [UnidadMedidaId], [FechaAlta], [FechaBaja], [UltimoPrecioCompra]) VALUES (155, 3, N'TABLERO ELÉCTRICO 4 - ', 3, '20200713 08:33:56.947', NULL, 0.00)
INSERT INTO [dbo].[Insumo] ([InsumoId], [SubConceptoId], [Descripcion], [UnidadMedidaId], [FechaAlta], [FechaBaja], [UltimoPrecioCompra]) VALUES (156, 3, N'LLAVE TERMICA TRIFASICA  SICA C40 ', 3, '20200716 04:58:45.927', NULL, 0.00)
INSERT INTO [dbo].[Insumo] ([InsumoId], [SubConceptoId], [Descripcion], [UnidadMedidaId], [FechaAlta], [FechaBaja], [UltimoPrecioCompra]) VALUES (157, 3, N'LLAVE TERMICA MONOFASICA  C15', 3, '20200716 04:59:27.437', NULL, 0.00)
INSERT INTO [dbo].[Insumo] ([InsumoId], [SubConceptoId], [Descripcion], [UnidadMedidaId], [FechaAlta], [FechaBaja], [UltimoPrecioCompra]) VALUES (158, 16, N'CAMISA TIPO GRAFA TALLE 44', 3, '20200716 09:51:24.000', '20200716 10:07:37.043', NULL)
INSERT INTO [dbo].[Insumo] ([InsumoId], [SubConceptoId], [Descripcion], [UnidadMedidaId], [FechaAlta], [FechaBaja], [UltimoPrecioCompra]) VALUES (159, 16, N'PANTALON TIPO GRAFA TALLE 40 ', 3, '20200716 09:52:23.000', '20200716 10:16:42.767', NULL)
INSERT INTO [dbo].[Insumo] ([InsumoId], [SubConceptoId], [Descripcion], [UnidadMedidaId], [FechaAlta], [FechaBaja], [UltimoPrecioCompra]) VALUES (160, 16, N'CAMISA TIPO GRAFA TALLE 40', 3, '20200716 09:56:46.000', '20200716 10:15:17.107', NULL)
INSERT INTO [dbo].[Insumo] ([InsumoId], [SubConceptoId], [Descripcion], [UnidadMedidaId], [FechaAlta], [FechaBaja], [UltimoPrecioCompra]) VALUES (161, 16, N'BOTIN CON PUNTERA N 40', 3, '20200716 09:58:40.000', '20200716 10:04:22.103', NULL)
INSERT INTO [dbo].[Insumo] ([InsumoId], [SubConceptoId], [Descripcion], [UnidadMedidaId], [FechaAlta], [FechaBaja], [UltimoPrecioCompra]) VALUES (162, 16, N'CAMISA TIPO GRAFA TALLE 44', 3, '20200716 09:59:52.000', '20200716 10:07:45.527', NULL)
INSERT INTO [dbo].[Insumo] ([InsumoId], [SubConceptoId], [Descripcion], [UnidadMedidaId], [FechaAlta], [FechaBaja], [UltimoPrecioCompra]) VALUES (163, 16, N'PANTALON TIPO GRAFA TALLE 42', 3, '20200716 10:00:33.000', '20200716 10:16:48.850', NULL)
INSERT INTO [dbo].[Insumo] ([InsumoId], [SubConceptoId], [Descripcion], [UnidadMedidaId], [FechaAlta], [FechaBaja], [UltimoPrecioCompra]) VALUES (164, 16, N'BOTIN CUERO CON PUNTERA N 41', 3, '20200716 10:01:02.000', '20200716 10:14:55.993', NULL)
INSERT INTO [dbo].[Insumo] ([InsumoId], [SubConceptoId], [Descripcion], [UnidadMedidaId], [FechaAlta], [FechaBaja], [UltimoPrecioCompra]) VALUES (165, 16, N'PANTALON TIPO GRAFA TALLE 46', 3, '20200716 10:01:36.000', '20200716 10:17:02.420', NULL)
INSERT INTO [dbo].[Insumo] ([InsumoId], [SubConceptoId], [Descripcion], [UnidadMedidaId], [FechaAlta], [FechaBaja], [UltimoPrecioCompra]) VALUES (166, 16, N'BOTIN CUERO CON PUNTERA N 40 ', 3, '20200716 10:02:08.000', '20200716 10:04:14.590', NULL)
INSERT INTO [dbo].[Insumo] ([InsumoId], [SubConceptoId], [Descripcion], [UnidadMedidaId], [FechaAlta], [FechaBaja], [UltimoPrecioCompra]) VALUES (167, 16, N'BOTIN CON PUNTERA N 40', 3, '20200716 10:05:34.000', '20200716 10:15:02.933', NULL)
INSERT INTO [dbo].[Insumo] ([InsumoId], [SubConceptoId], [Descripcion], [UnidadMedidaId], [FechaAlta], [FechaBaja], [UltimoPrecioCompra]) VALUES (168, 16, N'CAMISA TIPO GRAFA TALLE 44', 3, '20200716 10:10:58.000', '20200716 10:16:36.373', NULL)
INSERT INTO [dbo].[Insumo] ([InsumoId], [SubConceptoId], [Descripcion], [UnidadMedidaId], [FechaAlta], [FechaBaja], [UltimoPrecioCompra]) VALUES (169, 16, N'CAMISA TIPO GRAFA TALLE 40', 3, '20200716 10:17:55.000', '20200716 10:36:55.227', NULL)
INSERT INTO [dbo].[Insumo] ([InsumoId], [SubConceptoId], [Descripcion], [UnidadMedidaId], [FechaAlta], [FechaBaja], [UltimoPrecioCompra]) VALUES (170, 16, N'CAMISA TIPO GRAFFA TALLE 44', 3, '20200716 10:18:23.000', '20200716 10:37:06.717', NULL)
INSERT INTO [dbo].[Insumo] ([InsumoId], [SubConceptoId], [Descripcion], [UnidadMedidaId], [FechaAlta], [FechaBaja], [UltimoPrecioCompra]) VALUES (171, 16, N'CAMISA TIPO GRAFFA TALLE 44', 3, '20200716 10:18:51.000', '20200716 10:37:12.277', NULL)
INSERT INTO [dbo].[Insumo] ([InsumoId], [SubConceptoId], [Descripcion], [UnidadMedidaId], [FechaAlta], [FechaBaja], [UltimoPrecioCompra]) VALUES (172, 16, N'PANTALON TIPO GRAFA TALLE 40 ', 3, '20200716 10:19:25.000', '20200716 10:36:35.230', NULL)
INSERT INTO [dbo].[Insumo] ([InsumoId], [SubConceptoId], [Descripcion], [UnidadMedidaId], [FechaAlta], [FechaBaja], [UltimoPrecioCompra]) VALUES (173, 16, N'PANTALON TIPO GRAFA TALLE 42', 3, '20200716 10:19:50.000', '20200716 10:36:42.360', NULL)
INSERT INTO [dbo].[Insumo] ([InsumoId], [SubConceptoId], [Descripcion], [UnidadMedidaId], [FechaAlta], [FechaBaja], [UltimoPrecioCompra]) VALUES (174, 16, N'PANTALON TIPO GRAFA TALLE 46', 3, '20200716 10:20:18.000', '20200716 10:36:48.807', NULL)
INSERT INTO [dbo].[Insumo] ([InsumoId], [SubConceptoId], [Descripcion], [UnidadMedidaId], [FechaAlta], [FechaBaja], [UltimoPrecioCompra]) VALUES (175, 16, N'BOTIN CUERO CON PUNTAERA N 40 ', 3, '20200716 10:20:54.000', '20200716 10:22:43.130', NULL)
INSERT INTO [dbo].[Insumo] ([InsumoId], [SubConceptoId], [Descripcion], [UnidadMedidaId], [FechaAlta], [FechaBaja], [UltimoPrecioCompra]) VALUES (176, 16, N'BOTIN SEGURIDAD CON PUNTERA N 40', 3, '20200716 10:21:43.000', '20200716 10:36:01.253', NULL)
INSERT INTO [dbo].[Insumo] ([InsumoId], [SubConceptoId], [Descripcion], [UnidadMedidaId], [FechaAlta], [FechaBaja], [UltimoPrecioCompra]) VALUES (177, 16, N'BOTIN SEGURIDAD CON PUNTERA N 41', 3, '20200716 10:21:43.000', '20200716 10:36:07.953', NULL)
INSERT INTO [dbo].[Insumo] ([InsumoId], [SubConceptoId], [Descripcion], [UnidadMedidaId], [FechaAlta], [FechaBaja], [UltimoPrecioCompra]) VALUES (178, 16, N'BOTIN DE SEGURIDAD CON PUNTERA N 46', 3, '20200716 10:37:57.690', NULL, 0.00)
INSERT INTO [dbo].[Insumo] ([InsumoId], [SubConceptoId], [Descripcion], [UnidadMedidaId], [FechaAlta], [FechaBaja], [UltimoPrecioCompra]) VALUES (179, 16, N'PANTALON TIPO GRAFA TALLE 44', 3, '20200716 10:39:32.367', NULL, 0.00)
INSERT INTO [dbo].[Insumo] ([InsumoId], [SubConceptoId], [Descripcion], [UnidadMedidaId], [FechaAlta], [FechaBaja], [UltimoPrecioCompra]) VALUES (180, 16, N'PANTALON TIPO GRAFA TALLE 46', 3, '20200716 10:40:04.097', NULL, 0.00)
INSERT INTO [dbo].[Insumo] ([InsumoId], [SubConceptoId], [Descripcion], [UnidadMedidaId], [FechaAlta], [FechaBaja], [UltimoPrecioCompra]) VALUES (181, 16, N'CAMISA TIPO GRAFA TALLE 46', 3, '20200716 10:40:33.000', '20200924 08:40:46.410', NULL)
INSERT INTO [dbo].[Insumo] ([InsumoId], [SubConceptoId], [Descripcion], [UnidadMedidaId], [FechaAlta], [FechaBaja], [UltimoPrecioCompra]) VALUES (182, 16, N'BOTIN DE SEGURIDAD CON PUNTERA N 41', 3, '20200716 10:41:01.000', '20200924 08:38:06.500', NULL)
INSERT INTO [dbo].[Insumo] ([InsumoId], [SubConceptoId], [Descripcion], [UnidadMedidaId], [FechaAlta], [FechaBaja], [UltimoPrecioCompra]) VALUES (183, 16, N'GAFAS DE SEGURIDAD TRANSPARENTES', 3, '20200716 10:41:26.483', NULL, 0.00)
INSERT INTO [dbo].[Insumo] ([InsumoId], [SubConceptoId], [Descripcion], [UnidadMedidaId], [FechaAlta], [FechaBaja], [UltimoPrecioCompra]) VALUES (184, 16, N'PANTALON GRAFA TALLE 40', 3, '20200723 06:57:34.863', NULL, 0.00)
INSERT INTO [dbo].[Insumo] ([InsumoId], [SubConceptoId], [Descripcion], [UnidadMedidaId], [FechaAlta], [FechaBaja], [UltimoPrecioCompra]) VALUES (185, 16, N'CAMISA TIPO GRAFA TALLE 40', 3, '20200723 06:58:26.000', '20200924 08:40:33.410', NULL)
INSERT INTO [dbo].[Insumo] ([InsumoId], [SubConceptoId], [Descripcion], [UnidadMedidaId], [FechaAlta], [FechaBaja], [UltimoPrecioCompra]) VALUES (186, 16, N'BOTIN SEGURIDAD CUERO CON PUNTERA N 40', 3, '20200723 06:58:57.000', '20200924 08:38:16.767', NULL)
INSERT INTO [dbo].[Insumo] ([InsumoId], [SubConceptoId], [Descripcion], [UnidadMedidaId], [FechaAlta], [FechaBaja], [UltimoPrecioCompra]) VALUES (187, 15, N'BOLSA CEMENTO ALBAÑILERIA X 40KG', 3, '20200724 09:20:17.330', NULL, 0.00)
INSERT INTO [dbo].[Insumo] ([InsumoId], [SubConceptoId], [Descripcion], [UnidadMedidaId], [FechaAlta], [FechaBaja], [UltimoPrecioCompra]) VALUES (188, 22, N'UPN 140 X 6ML', 3, '20200727 06:38:53.000', '20200821 05:22:14.003', NULL)
INSERT INTO [dbo].[Insumo] ([InsumoId], [SubConceptoId], [Descripcion], [UnidadMedidaId], [FechaAlta], [FechaBaja], [UltimoPrecioCompra]) VALUES (189, 22, N'HIERRO DN BARRA 06 MM', 3, '20200727 06:39:39.000', '20200727 07:08:15.937', NULL)
INSERT INTO [dbo].[Insumo] ([InsumoId], [SubConceptoId], [Descripcion], [UnidadMedidaId], [FechaAlta], [FechaBaja], [UltimoPrecioCompra]) VALUES (190, 22, N'HIERRO DN BARRA 08 MM', 3, '20200727 06:41:05.000', '20200727 07:08:22.510', NULL)
INSERT INTO [dbo].[Insumo] ([InsumoId], [SubConceptoId], [Descripcion], [UnidadMedidaId], [FechaAlta], [FechaBaja], [UltimoPrecioCompra]) VALUES (191, 22, N'UPN 140 X 6ML', 3, '20200727 07:09:21.000', '20200821 05:22:20.617', NULL)
INSERT INTO [dbo].[Insumo] ([InsumoId], [SubConceptoId], [Descripcion], [UnidadMedidaId], [FechaAlta], [FechaBaja], [UltimoPrecioCompra]) VALUES (192, 22, N'HIERRO DN BARRA 06 MM', 3, '20200727 07:10:17.000', '20200821 05:17:05.093', NULL)
INSERT INTO [dbo].[Insumo] ([InsumoId], [SubConceptoId], [Descripcion], [UnidadMedidaId], [FechaAlta], [FechaBaja], [UltimoPrecioCompra]) VALUES (193, 22, N'HIERRO DN BARRA 08 MM', 3, '20200727 07:10:59.000', '20200821 05:17:25.223', NULL)
INSERT INTO [dbo].[Insumo] ([InsumoId], [SubConceptoId], [Descripcion], [UnidadMedidaId], [FechaAlta], [FechaBaja], [UltimoPrecioCompra]) VALUES (194, 22, N'HIERRO DN BARRA 10 MM', 3, '20200727 07:13:31.000', '20200821 05:17:45.570', NULL)
INSERT INTO [dbo].[Insumo] ([InsumoId], [SubConceptoId], [Descripcion], [UnidadMedidaId], [FechaAlta], [FechaBaja], [UltimoPrecioCompra]) VALUES (195, 22, N'HIERRO DN BARRA 12 MM', 3, '20200727 07:14:37.000', '20200821 05:18:19.410', NULL)
INSERT INTO [dbo].[Insumo] ([InsumoId], [SubConceptoId], [Descripcion], [UnidadMedidaId], [FechaAlta], [FechaBaja], [UltimoPrecioCompra]) VALUES (196, 22, N'HIERRO DN BARRA 16 MM', 3, '20200727 07:15:18.000', '20200821 05:18:45.987', NULL)
INSERT INTO [dbo].[Insumo] ([InsumoId], [SubConceptoId], [Descripcion], [UnidadMedidaId], [FechaAlta], [FechaBaja], [UltimoPrecioCompra]) VALUES (197, 22, N'HIERRO DN BARRA 20 MM', 3, '20200727 07:16:13.000', '20200821 05:19:02.743', NULL)
INSERT INTO [dbo].[Insumo] ([InsumoId], [SubConceptoId], [Descripcion], [UnidadMedidaId], [FechaAlta], [FechaBaja], [UltimoPrecioCompra]) VALUES (198, 22, N'L2 X 2 X 6ML', 3, '20200727 07:17:05.000', '20200821 05:19:31.743', NULL)
INSERT INTO [dbo].[Insumo] ([InsumoId], [SubConceptoId], [Descripcion], [UnidadMedidaId], [FechaAlta], [FechaBaja], [UltimoPrecioCompra]) VALUES (199, 22, N'ALAMBRON 17 A GRANEL', 3, '20200727 07:18:27.000', '20200824 05:16:04.410', NULL)
INSERT INTO [dbo].[Insumo] ([InsumoId], [SubConceptoId], [Descripcion], [UnidadMedidaId], [FechaAlta], [FechaBaja], [UltimoPrecioCompra]) VALUES (200, 22, N'ALAMBRON 4 MM N9', 3, '20200727 07:20:07.000', '20201007 09:35:03.670', NULL)
INSERT INTO [dbo].[Insumo] ([InsumoId], [SubConceptoId], [Descripcion], [UnidadMedidaId], [FechaAlta], [FechaBaja], [UltimoPrecioCompra]) VALUES (201, 22, N'ALAMBRON 6 MM', 3, '20200727 07:20:43.000', '20200821 05:11:42.810', NULL)
INSERT INTO [dbo].[Insumo] ([InsumoId], [SubConceptoId], [Descripcion], [UnidadMedidaId], [FechaAlta], [FechaBaja], [UltimoPrecioCompra]) VALUES (202, 22, N'CLAVO PUNTA PARIS 2" ', 2, '20200727 07:21:26.000', '20200821 05:16:09.333', NULL)
INSERT INTO [dbo].[Insumo] ([InsumoId], [SubConceptoId], [Descripcion], [UnidadMedidaId], [FechaAlta], [FechaBaja], [UltimoPrecioCompra]) VALUES (203, 22, N'CLAVO PUNTA PARIS 2 1/2"', 2, '20200727 07:23:15.000', '20200821 05:15:31.700', NULL)
INSERT INTO [dbo].[Insumo] ([InsumoId], [SubConceptoId], [Descripcion], [UnidadMedidaId], [FechaAlta], [FechaBaja], [UltimoPrecioCompra]) VALUES (204, 22, N'MALLA SIMA Q188 6*2 6MM', 3, '20200727 07:24:16.000', '20200821 05:20:36.957', NULL)
INSERT INTO [dbo].[Insumo] ([InsumoId], [SubConceptoId], [Descripcion], [UnidadMedidaId], [FechaAlta], [FechaBaja], [UltimoPrecioCompra]) VALUES (205, 22, N'MALLA SIMA Q335 8MM', 3, '20200727 07:24:49.000', '20200821 05:20:45.990', NULL)
INSERT INTO [dbo].[Insumo] ([InsumoId], [SubConceptoId], [Descripcion], [UnidadMedidaId], [FechaAlta], [FechaBaja], [UltimoPrecioCompra]) VALUES (206, 16, N'CASCO SEGURIDAD AMARILLO', 3, '20200728 09:44:29.413', NULL, 0.00)
INSERT INTO [dbo].[Insumo] ([InsumoId], [SubConceptoId], [Descripcion], [UnidadMedidaId], [FechaAlta], [FechaBaja], [UltimoPrecioCompra]) VALUES (207, 22, N'MALLA 15X15 (6X2,4) DIAM 8', 3, '20200731 05:02:19.000', '20200821 05:19:43.687', NULL)
INSERT INTO [dbo].[Insumo] ([InsumoId], [SubConceptoId], [Descripcion], [UnidadMedidaId], [FechaAlta], [FechaBaja], [UltimoPrecioCompra]) VALUES (208, 22, N'MALLA15X15 (6X2,4) DIAM 6', 3, '20200731 05:04:35.000', '20200821 05:20:59.867', NULL)
INSERT INTO [dbo].[Insumo] ([InsumoId], [SubConceptoId], [Descripcion], [UnidadMedidaId], [FechaAlta], [FechaBaja], [UltimoPrecioCompra]) VALUES (209, 22, N'MALLA 15X25 (6X2,4) DIAM 5 ', 3, '20200731 05:08:23.000', '20200821 05:19:52.323', NULL)
INSERT INTO [dbo].[Insumo] ([InsumoId], [SubConceptoId], [Descripcion], [UnidadMedidaId], [FechaAlta], [FechaBaja], [UltimoPrecioCompra]) VALUES (210, 22, N'MALLA SIMA 15X15 (2X6) DIAM 4', 3, '20200731 05:08:56.000', '20200821 05:20:27.300', NULL)
INSERT INTO [dbo].[Insumo] ([InsumoId], [SubConceptoId], [Descripcion], [UnidadMedidaId], [FechaAlta], [FechaBaja], [UltimoPrecioCompra]) VALUES (211, 22, N'CLAVO PUNTA PARIS 2" X KG', 2, '20200731 05:14:23.000', '20200821 05:16:17.133', NULL)
INSERT INTO [dbo].[Insumo] ([InsumoId], [SubConceptoId], [Descripcion], [UnidadMedidaId], [FechaAlta], [FechaBaja], [UltimoPrecioCompra]) VALUES (212, 22, N'CLAVO PUNTA PARIS 2 1/2" X KG', 2, '20200731 05:15:16.000', '20200821 05:15:49.190', NULL)
INSERT INTO [dbo].[Insumo] ([InsumoId], [SubConceptoId], [Descripcion], [UnidadMedidaId], [FechaAlta], [FechaBaja], [UltimoPrecioCompra]) VALUES (213, 18, N'AGROTILENO 3M ANCHO X 11ML', 3, '20200731 06:46:18.000', NULL, 0.00)
INSERT INTO [dbo].[Insumo] ([InsumoId], [SubConceptoId], [Descripcion], [UnidadMedidaId], [FechaAlta], [FechaBaja], [UltimoPrecioCompra]) VALUES (214, 22, N'ANGULO 1 1/2" X 1/8"', 3, '20200731 06:47:26.000', '20200821 05:12:30.363', NULL)
INSERT INTO [dbo].[Insumo] ([InsumoId], [SubConceptoId], [Descripcion], [UnidadMedidaId], [FechaAlta], [FechaBaja], [UltimoPrecioCompra]) VALUES (215, 22, N'ANGULO 1"X1/8"', 3, '20200731 06:48:10.000', '20200821 05:12:40.947', NULL)
INSERT INTO [dbo].[Insumo] ([InsumoId], [SubConceptoId], [Descripcion], [UnidadMedidaId], [FechaAlta], [FechaBaja], [UltimoPrecioCompra]) VALUES (216, 22, N'ANGULO 2"X1/8"', 3, '20200731 06:48:44.000', '20200824 05:16:27.273', NULL)
INSERT INTO [dbo].[Insumo] ([InsumoId], [SubConceptoId], [Descripcion], [UnidadMedidaId], [FechaAlta], [FechaBaja], [UltimoPrecioCompra]) VALUES (217, 22, N'PERFIL C 180-70-20 ESP 2MMX12ML', 3, '20200731 06:49:35.000', '20200821 05:21:17.760', NULL)
INSERT INTO [dbo].[Insumo] ([InsumoId], [SubConceptoId], [Descripcion], [UnidadMedidaId], [FechaAlta], [FechaBaja], [UltimoPrecioCompra]) VALUES (218, 22, N'ALAMBRON 6 MM', 2, '20200731 06:50:19.000', '20200821 05:11:49.353', NULL)
INSERT INTO [dbo].[Insumo] ([InsumoId], [SubConceptoId], [Descripcion], [UnidadMedidaId], [FechaAlta], [FechaBaja], [UltimoPrecioCompra]) VALUES (219, 22, N'ALAMBRON 4 MM N9', 2, '20200731 06:51:03.000', '20200824 05:16:17.010', NULL)
INSERT INTO [dbo].[Insumo] ([InsumoId], [SubConceptoId], [Descripcion], [UnidadMedidaId], [FechaAlta], [FechaBaja], [UltimoPrecioCompra]) VALUES (220, 22, N'ALAMBRON 17 A GRANEL', 2, '20200731 06:52:15.000', '20200824 05:16:08.850', NULL)
INSERT INTO [dbo].[Insumo] ([InsumoId], [SubConceptoId], [Descripcion], [UnidadMedidaId], [FechaAlta], [FechaBaja], [UltimoPrecioCompra]) VALUES (221, 22, N'TEE 1"X1/8"', 3, '20200731 06:52:41.000', '20200821 05:21:41.123', NULL)
INSERT INTO [dbo].[Insumo] ([InsumoId], [SubConceptoId], [Descripcion], [UnidadMedidaId], [FechaAlta], [FechaBaja], [UltimoPrecioCompra]) VALUES (222, 22, N'HIERRO DN BARRA 12 MM', 3, '20200731 06:53:29.000', '20200821 05:17:59.857', NULL)
INSERT INTO [dbo].[Insumo] ([InsumoId], [SubConceptoId], [Descripcion], [UnidadMedidaId], [FechaAlta], [FechaBaja], [UltimoPrecioCompra]) VALUES (223, 22, N'HIERRO DN BARRA 10 MM', 3, '20200731 06:55:46.000', '20200821 05:18:11.710', NULL)
INSERT INTO [dbo].[Insumo] ([InsumoId], [SubConceptoId], [Descripcion], [UnidadMedidaId], [FechaAlta], [FechaBaja], [UltimoPrecioCompra]) VALUES (224, 22, N'HIERRO DN BARRA 08 MM', 3, '20200731 06:56:20.000', '20200821 05:17:37.050', NULL)
INSERT INTO [dbo].[Insumo] ([InsumoId], [SubConceptoId], [Descripcion], [UnidadMedidaId], [FechaAlta], [FechaBaja], [UltimoPrecioCompra]) VALUES (225, 22, N'HIERRO DN BARRA 06 MM', 3, '20200731 06:57:18.000', '20200821 05:17:15.600', NULL)
INSERT INTO [dbo].[Insumo] ([InsumoId], [SubConceptoId], [Descripcion], [UnidadMedidaId], [FechaAlta], [FechaBaja], [UltimoPrecioCompra]) VALUES (226, 22, N'UPN 120 X 12ML', 3, '20200731 06:57:54.000', '20200821 05:22:03.060', NULL)
INSERT INTO [dbo].[Insumo] ([InsumoId], [SubConceptoId], [Descripcion], [UnidadMedidaId], [FechaAlta], [FechaBaja], [UltimoPrecioCompra]) VALUES (227, 22, N'HIERRO DN BARRA 12 MM', 3, '20200731 07:14:46.000', '20200821 05:18:32.610', NULL)
INSERT INTO [dbo].[Insumo] ([InsumoId], [SubConceptoId], [Descripcion], [UnidadMedidaId], [FechaAlta], [FechaBaja], [UltimoPrecioCompra]) VALUES (228, 21, N'ARENA GRUESA', 4, '20200731 08:03:24.403', NULL, 0.00)
INSERT INTO [dbo].[Insumo] ([InsumoId], [SubConceptoId], [Descripcion], [UnidadMedidaId], [FechaAlta], [FechaBaja], [UltimoPrecioCompra]) VALUES (229, 21, N'GRANZA 1-3', 4, '20200731 08:04:11.003', NULL, 0.00)
INSERT INTO [dbo].[Insumo] ([InsumoId], [SubConceptoId], [Descripcion], [UnidadMedidaId], [FechaAlta], [FechaBaja], [UltimoPrecioCompra]) VALUES (230, 21, N'ARENA FINA ', 4, '20200731 08:05:01.423', NULL, 0.00)
INSERT INTO [dbo].[Insumo] ([InsumoId], [SubConceptoId], [Descripcion], [UnidadMedidaId], [FechaAlta], [FechaBaja], [UltimoPrecioCompra]) VALUES (231, 2, N'GRIFERIA DUCHA MARCA TIGRE ', 3, '20200804 12:24:12.610', NULL, 0.00)
INSERT INTO [dbo].[Insumo] ([InsumoId], [SubConceptoId], [Descripcion], [UnidadMedidaId], [FechaAlta], [FechaBaja], [UltimoPrecioCompra]) VALUES (232, 15, N'CHAPA SINUSOIDAL  1.10X3.50', 3, '20200805 06:05:04.730', NULL, 0.00)
INSERT INTO [dbo].[Insumo] ([InsumoId], [SubConceptoId], [Descripcion], [UnidadMedidaId], [FechaAlta], [FechaBaja], [UltimoPrecioCompra]) VALUES (233, 15, N'COLUMNAS DE TUBO METALICO CON PLETINA INFERIOR', 3, '20200805 06:06:12.033', NULL, 0.00)
INSERT INTO [dbo].[Insumo] ([InsumoId], [SubConceptoId], [Descripcion], [UnidadMedidaId], [FechaAlta], [FechaBaja], [UltimoPrecioCompra]) VALUES (234, 22, N'HIERRO PARA OBRA POR KG', 2, '20200805 09:25:04.163', NULL, 0.00)
INSERT INTO [dbo].[Insumo] ([InsumoId], [SubConceptoId], [Descripcion], [UnidadMedidaId], [FechaAlta], [FechaBaja], [UltimoPrecioCompra]) VALUES (235, 15, N'CEMENTO  BOLSA X  50KG ', 3, '20200806 08:52:47.000', '20200821 05:15:09.037', NULL)
INSERT INTO [dbo].[Insumo] ([InsumoId], [SubConceptoId], [Descripcion], [UnidadMedidaId], [FechaAlta], [FechaBaja], [UltimoPrecioCompra]) VALUES (236, 15, N'CEMENTO ALBAÑILERIA BOLSA X 40KG', 3, '20200806 08:53:34.000', '20200821 05:15:22.287', NULL)
INSERT INTO [dbo].[Insumo] ([InsumoId], [SubConceptoId], [Descripcion], [UnidadMedidaId], [FechaAlta], [FechaBaja], [UltimoPrecioCompra]) VALUES (237, 15, N'LADRILLO COMUN 12X5X25', 3, '20200806 08:54:23.263', NULL, 0.00)
INSERT INTO [dbo].[Insumo] ([InsumoId], [SubConceptoId], [Descripcion], [UnidadMedidaId], [FechaAlta], [FechaBaja], [UltimoPrecioCompra]) VALUES (238, 15, N'LADRILLON 5X18X25 SEMI VISTO', 3, '20200806 08:56:27.663', NULL, NULL)
INSERT INTO [dbo].[Insumo] ([InsumoId], [SubConceptoId], [Descripcion], [UnidadMedidaId], [FechaAlta], [FechaBaja], [UltimoPrecioCompra]) VALUES (239, 15, N'LADRILLO COMUN 12X5X25 SEMI VISTO', 3, '20200806 08:57:17.503', NULL, 0.00)
INSERT INTO [dbo].[Insumo] ([InsumoId], [SubConceptoId], [Descripcion], [UnidadMedidaId], [FechaAlta], [FechaBaja], [UltimoPrecioCompra]) VALUES (240, 15, N'BLOQUE CERAMICO PORTANTE 12X19X33', 3, '20200806 08:58:12.503', NULL, 0.00)
INSERT INTO [dbo].[Insumo] ([InsumoId], [SubConceptoId], [Descripcion], [UnidadMedidaId], [FechaAlta], [FechaBaja], [UltimoPrecioCompra]) VALUES (241, 15, N'TARIMAS ', 3, '20200806 09:08:20.840', NULL, 0.00)
INSERT INTO [dbo].[Insumo] ([InsumoId], [SubConceptoId], [Descripcion], [UnidadMedidaId], [FechaAlta], [FechaBaja], [UltimoPrecioCompra]) VALUES (242, 2, N'VALVULA ESFÉRICA AGUA FUSION DIAMETRO 32', 3, '20200807 05:08:36.203', NULL, 0.00)
INSERT INTO [dbo].[Insumo] ([InsumoId], [SubConceptoId], [Descripcion], [UnidadMedidaId], [FechaAlta], [FechaBaja], [UltimoPrecioCompra]) VALUES (243, 3, N'INTERRUPTOR POWER SWITCH G 3 A 75W 12V ', 3, '20200807 05:09:47.263', NULL, 0.00)
INSERT INTO [dbo].[Insumo] ([InsumoId], [SubConceptoId], [Descripcion], [UnidadMedidaId], [FechaAlta], [FechaBaja], [UltimoPrecioCompra]) VALUES (244, 3, N'INTERRUPTOR POWER SWITCH 12.5A 150W 12V', 3, '20200807 05:10:29.793', NULL, 0.00)
INSERT INTO [dbo].[Insumo] ([InsumoId], [SubConceptoId], [Descripcion], [UnidadMedidaId], [FechaAlta], [FechaBaja], [UltimoPrecioCompra]) VALUES (245, 2, N'DESCARGA INODORO FV TAPA CON TECLA UNIVERSAL P/VALVULA 368.04', 3, '20200807 05:11:56.490', NULL, 0.00)
INSERT INTO [dbo].[Insumo] ([InsumoId], [SubConceptoId], [Descripcion], [UnidadMedidaId], [FechaAlta], [FechaBaja], [UltimoPrecioCompra]) VALUES (246, 3, N'TIRA LED 5ML 12V IP 45 + TRAMO LED 1.20ML', 3, '20200807 05:12:46.643', NULL, 0.00)
INSERT INTO [dbo].[Insumo] ([InsumoId], [SubConceptoId], [Descripcion], [UnidadMedidaId], [FechaAlta], [FechaBaja], [UltimoPrecioCompra]) VALUES (247, 3, N'CAÑO CORRUG. GRIS 7/8 IGNIF. N/IRAM 25M', 3, '20200811 10:14:17.117', NULL, 0.00)
INSERT INTO [dbo].[Insumo] ([InsumoId], [SubConceptoId], [Descripcion], [UnidadMedidaId], [FechaAlta], [FechaBaja], [UltimoPrecioCompra]) VALUES (248, 3, N'CAÑO CORRUG. BCO. 7/8 IGNIF. N/IRAM 25M', 3, '20200811 10:15:35.070', NULL, 0.00)
INSERT INTO [dbo].[Insumo] ([InsumoId], [SubConceptoId], [Descripcion], [UnidadMedidaId], [FechaAlta], [FechaBaja], [UltimoPrecioCompra]) VALUES (249, 3, N'CAÑO CORRUG. GRIS 1 IGNIF. N/IRAM 25M', 3, '20200811 10:16:26.093', NULL, 0.00)
INSERT INTO [dbo].[Insumo] ([InsumoId], [SubConceptoId], [Descripcion], [UnidadMedidaId], [FechaAlta], [FechaBaja], [UltimoPrecioCompra]) VALUES (250, 3, N'CAÑO CORRUG. BCO. 1 IGNIF. N/IRAM 25M', 3, '20200811 10:17:28.043', NULL, 0.00)
INSERT INTO [dbo].[Insumo] ([InsumoId], [SubConceptoId], [Descripcion], [UnidadMedidaId], [FechaAlta], [FechaBaja], [UltimoPrecioCompra]) VALUES (251, 3, N'CAÑO CORRUG. BCO. 11/2 IGNIF. N/IRAM 25M', 3, '20200811 10:18:21.517', NULL, 0.00)
INSERT INTO [dbo].[Insumo] ([InsumoId], [SubConceptoId], [Descripcion], [UnidadMedidaId], [FechaAlta], [FechaBaja], [UltimoPrecioCompra]) VALUES (252, 3, N'CAJA CHAPA 5 X 10 CHAPA 20 LIV.', 3, '20200811 10:19:17.500', NULL, 0.00)
INSERT INTO [dbo].[Insumo] ([InsumoId], [SubConceptoId], [Descripcion], [UnidadMedidaId], [FechaAlta], [FechaBaja], [UltimoPrecioCompra]) VALUES (253, 2, N'CAJA CHAPA 7 X 7 CHAPA 20 LIV.', 3, '20200811 10:19:57.363', NULL, 0.00)
INSERT INTO [dbo].[Insumo] ([InsumoId], [SubConceptoId], [Descripcion], [UnidadMedidaId], [FechaAlta], [FechaBaja], [UltimoPrecioCompra]) VALUES (254, 3, N'CAJA DERIV. 190 X 140 X 70 P/LISA MELTEC', 3, '20200811 10:20:40.897', NULL, 0.00)
INSERT INTO [dbo].[Insumo] ([InsumoId], [SubConceptoId], [Descripcion], [UnidadMedidaId], [FechaAlta], [FechaBaja], [UltimoPrecioCompra]) VALUES (255, 3, N'CAJA P/TERM. EMB. 60 MOD.C/PTA. METALICA', 3, '20200811 10:21:32.847', NULL, 0.00)
INSERT INTO [dbo].[Insumo] ([InsumoId], [SubConceptoId], [Descripcion], [UnidadMedidaId], [FechaAlta], [FechaBaja], [UltimoPrecioCompra]) VALUES (256, 3, N'CABLE UNIP. 2.5 MM CELESTE KALOP', 3, '20200811 10:22:10.000', '20201020 10:17:10.670', NULL)
INSERT INTO [dbo].[Insumo] ([InsumoId], [SubConceptoId], [Descripcion], [UnidadMedidaId], [FechaAlta], [FechaBaja], [UltimoPrecioCompra]) VALUES (257, 3, N'CABLE UNIP. 2.5 MM ROJO KALOP', 3, '20200811 10:23:02.000', '20201020 10:16:52.137', NULL)
INSERT INTO [dbo].[Insumo] ([InsumoId], [SubConceptoId], [Descripcion], [UnidadMedidaId], [FechaAlta], [FechaBaja], [UltimoPrecioCompra]) VALUES (258, 3, N'CABLE UNIP. 2.5 MM BLANCO KALOP', 3, '20200811 10:23:35.000', '20201020 10:17:19.717', NULL)
INSERT INTO [dbo].[Insumo] ([InsumoId], [SubConceptoId], [Descripcion], [UnidadMedidaId], [FechaAlta], [FechaBaja], [UltimoPrecioCompra]) VALUES (259, 3, N'CABLE UNIP. 2.5 MM NEGRO KALOP', 3, '20200811 10:29:57.000', '20201020 10:17:01.590', NULL)
INSERT INTO [dbo].[Insumo] ([InsumoId], [SubConceptoId], [Descripcion], [UnidadMedidaId], [FechaAlta], [FechaBaja], [UltimoPrecioCompra]) VALUES (260, 2, N'CABLE UNIP. 2.5 MM VERDE KALOP', 3, '20200811 10:30:42.000', '20201020 10:16:00.763', NULL)
INSERT INTO [dbo].[Insumo] ([InsumoId], [SubConceptoId], [Descripcion], [UnidadMedidaId], [FechaAlta], [FechaBaja], [UltimoPrecioCompra]) VALUES (261, 3, N'CABLE UNIP. 1.5 MM NEGRO KALOP', 3, '20200811 10:31:30.000', '20201020 10:17:29.763', NULL)
INSERT INTO [dbo].[Insumo] ([InsumoId], [SubConceptoId], [Descripcion], [UnidadMedidaId], [FechaAlta], [FechaBaja], [UltimoPrecioCompra]) VALUES (262, 16, N'CAMISA TIPO GRAFFA TALLE 42', 3, '20200812 08:35:36.000', '20200821 05:14:47.127', NULL)
INSERT INTO [dbo].[Insumo] ([InsumoId], [SubConceptoId], [Descripcion], [UnidadMedidaId], [FechaAlta], [FechaBaja], [UltimoPrecioCompra]) VALUES (263, 16, N'CAMISA TIPO GRAFFA TALLE 46', 3, '20200812 08:35:45.000', '20200821 05:14:59.847', NULL)
INSERT INTO [dbo].[Insumo] ([InsumoId], [SubConceptoId], [Descripcion], [UnidadMedidaId], [FechaAlta], [FechaBaja], [UltimoPrecioCompra]) VALUES (264, 16, N'botin con puntera acero n42', 3, '20200812 08:38:46.000', '20200924 08:37:52.373', NULL)
INSERT INTO [dbo].[Insumo] ([InsumoId], [SubConceptoId], [Descripcion], [UnidadMedidaId], [FechaAlta], [FechaBaja], [UltimoPrecioCompra]) VALUES (265, 3, N'CAJA TERMICA EMB 60 C TAPA METALICA', 3, '20200812 09:28:42.833', NULL, NULL)
INSERT INTO [dbo].[Insumo] ([InsumoId], [SubConceptoId], [Descripcion], [UnidadMedidaId], [FechaAlta], [FechaBaja], [UltimoPrecioCompra]) VALUES (266, 3, N'CABLE UNIP 2.5MM CELESTE ', 3, '20200812 09:29:28.000', '20201020 10:15:51.167', NULL)
INSERT INTO [dbo].[Insumo] ([InsumoId], [SubConceptoId], [Descripcion], [UnidadMedidaId], [FechaAlta], [FechaBaja], [UltimoPrecioCompra]) VALUES (267, 3, N'TERMICA 2X15AMP', 3, '20200812 09:29:48.707', NULL, NULL)
INSERT INTO [dbo].[Insumo] ([InsumoId], [SubConceptoId], [Descripcion], [UnidadMedidaId], [FechaAlta], [FechaBaja], [UltimoPrecioCompra]) VALUES (268, 8, N'FENOLICOS 1.20X2M ', 3, '20200813 05:43:07.000', NULL, 0.00)
INSERT INTO [dbo].[Insumo] ([InsumoId], [SubConceptoId], [Descripcion], [UnidadMedidaId], [FechaAlta], [FechaBaja], [UltimoPrecioCompra]) VALUES (269, 9, N'TABLAS DE PINO 4"X1" USADAS', 3, '20200813 05:44:42.760', NULL, 0.00)
INSERT INTO [dbo].[Insumo] ([InsumoId], [SubConceptoId], [Descripcion], [UnidadMedidaId], [FechaAlta], [FechaBaja], [UltimoPrecioCompra]) VALUES (270, 2, N'GRIFERIA MONOCOMANDO PIAZZA PARA BACHA COCINA', 3, '20200818 08:27:09.023', NULL, 0.00)
INSERT INTO [dbo].[Insumo] ([InsumoId], [SubConceptoId], [Descripcion], [UnidadMedidaId], [FechaAlta], [FechaBaja], [UltimoPrecioCompra]) VALUES (271, 15, N'BOLSA DE CEMENTO ', 3, '20200819 06:10:17.000', '20200821 05:13:07.150', NULL)
INSERT INTO [dbo].[Insumo] ([InsumoId], [SubConceptoId], [Descripcion], [UnidadMedidaId], [FechaAlta], [FechaBaja], [UltimoPrecioCompra]) VALUES (272, 15, N'BOLSA CEMENTO ALBAÑILERIA', 3, '20200819 06:10:33.000', '20200821 05:12:50.070', NULL)
INSERT INTO [dbo].[Insumo] ([InsumoId], [SubConceptoId], [Descripcion], [UnidadMedidaId], [FechaAlta], [FechaBaja], [UltimoPrecioCompra]) VALUES (273, 15, N'ARENA GRUESA ', 4, '20200819 06:10:46.000', '20200924 08:21:25.607', NULL)
INSERT INTO [dbo].[Insumo] ([InsumoId], [SubConceptoId], [Descripcion], [UnidadMedidaId], [FechaAlta], [FechaBaja], [UltimoPrecioCompra]) VALUES (274, 15, N'BOLSAS DE CEMENTO x 50KG', 3, '20200819 06:44:46.000', '20200821 05:13:51.057', NULL)
INSERT INTO [dbo].[Insumo] ([InsumoId], [SubConceptoId], [Descripcion], [UnidadMedidaId], [FechaAlta], [FechaBaja], [UltimoPrecioCompra]) VALUES (275, 15, N'BOLSAS DE CEMENTO x 40KG', 3, '20200819 06:45:12.000', '20200821 05:13:42.893', NULL)
INSERT INTO [dbo].[Insumo] ([InsumoId], [SubConceptoId], [Descripcion], [UnidadMedidaId], [FechaAlta], [FechaBaja], [UltimoPrecioCompra]) VALUES (276, 15, N'CEMENTO ALBAÑILERIA X 40KG', 3, '20200819 06:45:30.000', NULL, 0.00)
INSERT INTO [dbo].[Insumo] ([InsumoId], [SubConceptoId], [Descripcion], [UnidadMedidaId], [FechaAlta], [FechaBaja], [UltimoPrecioCompra]) VALUES (277, 15, N'ARENA GUESA POR M3', 4, '20200819 06:45:56.000', '20200924 08:21:44.060', NULL)
INSERT INTO [dbo].[Insumo] ([InsumoId], [SubConceptoId], [Descripcion], [UnidadMedidaId], [FechaAlta], [FechaBaja], [UltimoPrecioCompra]) VALUES (278, 15, N'BOLSA DE CEMENTO X 50kg', 3, '20200819 07:54:38.000', '20200821 05:12:59.763', NULL)
INSERT INTO [dbo].[Insumo] ([InsumoId], [SubConceptoId], [Descripcion], [UnidadMedidaId], [FechaAlta], [FechaBaja], [UltimoPrecioCompra]) VALUES (279, 3, N'DICROICAS DOBLE DE EMBUTIR ', 3, '20200822 06:34:15.203', NULL, 0.00)
INSERT INTO [dbo].[Insumo] ([InsumoId], [SubConceptoId], [Descripcion], [UnidadMedidaId], [FechaAlta], [FechaBaja], [UltimoPrecioCompra]) VALUES (280, 3, N'CAJA DICROICAS DE APLICAR SOBRE PARED', 3, '20200822 06:35:04.537', NULL, 0.00)
INSERT INTO [dbo].[Insumo] ([InsumoId], [SubConceptoId], [Descripcion], [UnidadMedidaId], [FechaAlta], [FechaBaja], [UltimoPrecioCompra]) VALUES (281, 3, N'DICROICAS DIRECCIONALES', 3, '20200822 06:35:35.657', NULL, 0.00)
INSERT INTO [dbo].[Insumo] ([InsumoId], [SubConceptoId], [Descripcion], [UnidadMedidaId], [FechaAlta], [FechaBaja], [UltimoPrecioCompra]) VALUES (282, 2, N'BARRAL TOALLERO 450MM LIBBY', 3, '20200822 06:36:20.567', NULL, 0.00)
INSERT INTO [dbo].[Insumo] ([InsumoId], [SubConceptoId], [Descripcion], [UnidadMedidaId], [FechaAlta], [FechaBaja], [UltimoPrecioCompra]) VALUES (283, 2, N'CALADOR 1" / 1 1/4"', 3, '20200824 06:39:25.980', NULL, 0.00)
INSERT INTO [dbo].[Insumo] ([InsumoId], [SubConceptoId], [Descripcion], [UnidadMedidaId], [FechaAlta], [FechaBaja], [UltimoPrecioCompra]) VALUES (284, 2, N'CALADOR 1/2" / 3/4"', 3, '20200826 06:43:59.533', NULL, 0.00)
INSERT INTO [dbo].[Insumo] ([InsumoId], [SubConceptoId], [Descripcion], [UnidadMedidaId], [FechaAlta], [FechaBaja], [UltimoPrecioCompra]) VALUES (285, 2, N'CALADOR 1" / 1 1/4"', 3, '20200826 06:44:21.917', NULL, 0.00)
INSERT INTO [dbo].[Insumo] ([InsumoId], [SubConceptoId], [Descripcion], [UnidadMedidaId], [FechaAlta], [FechaBaja], [UltimoPrecioCompra]) VALUES (286, 2, N'GRIFERIA FV CALIFORNIA (JUEGO P BAÑERA Y DUCHA DE DOS LLAVES Y TRANSFERENCIA SIN CUADRO 103/17', 3, '20200826 06:44:45.527', NULL, 0.00)
INSERT INTO [dbo].[Insumo] ([InsumoId], [SubConceptoId], [Descripcion], [UnidadMedidaId], [FechaAlta], [FechaBaja], [UltimoPrecioCompra]) VALUES (287, 2, N'TAPA P/SIFON DE EMBUTIR LAVARROPAS', 3, '20200826 06:45:08.733', NULL, 0.00)
INSERT INTO [dbo].[Insumo] ([InsumoId], [SubConceptoId], [Descripcion], [UnidadMedidaId], [FechaAlta], [FechaBaja], [UltimoPrecioCompra]) VALUES (288, 2, N'DESCARGA INODORO FV VALVULA 368.01', 3, '20200826 06:45:33.130', NULL, 0.00)
INSERT INTO [dbo].[Insumo] ([InsumoId], [SubConceptoId], [Descripcion], [UnidadMedidaId], [FechaAlta], [FechaBaja], [UltimoPrecioCompra]) VALUES (289, 2, N'GRIFERIA FV LIBBY SIN CUADRO 103/39', 3, '20200826 06:45:52.857', NULL, 0.00)
INSERT INTO [dbo].[Insumo] ([InsumoId], [SubConceptoId], [Descripcion], [UnidadMedidaId], [FechaAlta], [FechaBaja], [UltimoPrecioCompra]) VALUES (290, 3, N'TAPA ZEN BASIC BLANCA 3 MOD KALOP', 3, '20200826 06:46:22.587', NULL, 0.00)
INSERT INTO [dbo].[Insumo] ([InsumoId], [SubConceptoId], [Descripcion], [UnidadMedidaId], [FechaAlta], [FechaBaja], [UltimoPrecioCompra]) VALUES (291, 3, N'TOMA DOBLE BLANCO NORMA 10A ', 3, '20200826 06:46:44.350', NULL, 0.00)
INSERT INTO [dbo].[Insumo] ([InsumoId], [SubConceptoId], [Descripcion], [UnidadMedidaId], [FechaAlta], [FechaBaja], [UltimoPrecioCompra]) VALUES (292, 3, N'MOD TOMA CON NEUTRO 20 AMP', 3, '20200826 06:47:10.540', NULL, 0.00)
INSERT INTO [dbo].[Insumo] ([InsumoId], [SubConceptoId], [Descripcion], [UnidadMedidaId], [FechaAlta], [FechaBaja], [UltimoPrecioCompra]) VALUES (293, 3, N'MODULO PUNTO TECLON BLANCO KALOP', 3, '20200826 06:47:43.750', NULL, 0.00)
INSERT INTO [dbo].[Insumo] ([InsumoId], [SubConceptoId], [Descripcion], [UnidadMedidaId], [FechaAlta], [FechaBaja], [UltimoPrecioCompra]) VALUES (294, 3, N'MOD COMB 1/2 TECLON BLANCO KALOP', 3, '20200826 06:48:04.287', NULL, 0.00)
INSERT INTO [dbo].[Insumo] ([InsumoId], [SubConceptoId], [Descripcion], [UnidadMedidaId], [FechaAlta], [FechaBaja], [UltimoPrecioCompra]) VALUES (295, 2, N'ROCA MON L20 DUCHA EMPOTRAR C/ TRANSFER A5D1209COL*', 3, '20200826 06:49:17.210', NULL, 0.00)
INSERT INTO [dbo].[Insumo] ([InsumoId], [SubConceptoId], [Descripcion], [UnidadMedidaId], [FechaAlta], [FechaBaja], [UltimoPrecioCompra]) VALUES (296, 16, N'ARNES CUERPO COMPLETO, LUMBAR Y 3 CONEX', 3, '20200918 09:12:40.377', NULL, 0.00)
INSERT INTO [dbo].[Insumo] ([InsumoId], [SubConceptoId], [Descripcion], [UnidadMedidaId], [FechaAlta], [FechaBaja], [UltimoPrecioCompra]) VALUES (297, 18, N'BANDEJAS DE SEGURIDAD MEDIDAS 2M X 3M', 3, '20200924 09:26:29.130', NULL, NULL)
INSERT INTO [dbo].[Insumo] ([InsumoId], [SubConceptoId], [Descripcion], [UnidadMedidaId], [FechaAlta], [FechaBaja], [UltimoPrecioCompra]) VALUES (298, 18, N'REFLECTOR ', 3, '20200924 09:27:36.660', NULL, 0.00)
INSERT INTO [dbo].[Insumo] ([InsumoId], [SubConceptoId], [Descripcion], [UnidadMedidaId], [FechaAlta], [FechaBaja], [UltimoPrecioCompra]) VALUES (299, 16, N'SOGA CABO DE VIDA', 3, '20201007 08:46:07.743', NULL, 0.00)
INSERT INTO [dbo].[Insumo] ([InsumoId], [SubConceptoId], [Descripcion], [UnidadMedidaId], [FechaAlta], [FechaBaja], [UltimoPrecioCompra]) VALUES (300, 10, N'HIDROLAVADORA KARCHER K3', 3, '20201007 08:56:13.127', NULL, 0.00)
INSERT INTO [dbo].[Insumo] ([InsumoId], [SubConceptoId], [Descripcion], [UnidadMedidaId], [FechaAlta], [FechaBaja], [UltimoPrecioCompra]) VALUES (301, 15, N'MALLA 2X3 DB 6 DE 15 X 25', 3, '20201007 09:16:03.000', NULL, 0.00)
INSERT INTO [dbo].[Insumo] ([InsumoId], [SubConceptoId], [Descripcion], [UnidadMedidaId], [FechaAlta], [FechaBaja], [UltimoPrecioCompra]) VALUES (302, 15, N'MALLA 2X3 DB 6 DE 15 X 15  ', 3, '20201007 09:16:28.850', NULL, 0.00)
INSERT INTO [dbo].[Insumo] ([InsumoId], [SubConceptoId], [Descripcion], [UnidadMedidaId], [FechaAlta], [FechaBaja], [UltimoPrecioCompra]) VALUES (303, 2, N'INODORO CORTO BARI ', 3, '20201013 07:38:38.983', NULL, 6323.00)
INSERT INTO [dbo].[Insumo] ([InsumoId], [SubConceptoId], [Descripcion], [UnidadMedidaId], [FechaAlta], [FechaBaja], [UltimoPrecioCompra]) VALUES (304, 2, N'BIDET 1AG BKM1 BARI B', 3, '20201013 07:39:21.047', NULL, 5243.29)
INSERT INTO [dbo].[Insumo] ([InsumoId], [SubConceptoId], [Descripcion], [UnidadMedidaId], [FechaAlta], [FechaBaja], [UltimoPrecioCompra]) VALUES (305, 2, N'TAPA BARI TKXM B', 3, '20201013 07:39:51.220', NULL, 1635.53)
INSERT INTO [dbo].[Insumo] ([InsumoId], [SubConceptoId], [Descripcion], [UnidadMedidaId], [FechaAlta], [FechaBaja], [UltimoPrecioCompra]) VALUES (306, 2, N'BACHA Z52 P/COCINA SIMPLE', 3, '20201013 07:40:18.893', NULL, 2557.02)
INSERT INTO [dbo].[Insumo] ([InsumoId], [SubConceptoId], [Descripcion], [UnidadMedidaId], [FechaAlta], [FechaBaja], [UltimoPrecioCompra]) VALUES (307, 2, N'JUEGO MONOCOMANDO COCINA 0411.02/B2 CR', 3, '20201013 07:44:39.427', NULL, 6369.88)
INSERT INTO [dbo].[Insumo] ([InsumoId], [SubConceptoId], [Descripcion], [UnidadMedidaId], [FechaAlta], [FechaBaja], [UltimoPrecioCompra]) VALUES (308, 2, N'JUEGO LLUVIA C/T 103/39 CR', 3, '20201013 07:45:02.850', NULL, 16764.27)
INSERT INTO [dbo].[Insumo] ([InsumoId], [SubConceptoId], [Descripcion], [UnidadMedidaId], [FechaAlta], [FechaBaja], [UltimoPrecioCompra]) VALUES (309, 2, N'JUEGO BIDET 0189/39 CR', 3, '20201013 07:45:32.397', NULL, 12452.83)
INSERT INTO [dbo].[Insumo] ([InsumoId], [SubConceptoId], [Descripcion], [UnidadMedidaId], [FechaAlta], [FechaBaja], [UltimoPrecioCompra]) VALUES (310, 2, N'JUEGO LAVATORIO 0181/39 CR', 3, '20201013 07:45:58.303', NULL, 11838.88)
INSERT INTO [dbo].[Insumo] ([InsumoId], [SubConceptoId], [Descripcion], [UnidadMedidaId], [FechaAlta], [FechaBaja], [UltimoPrecioCompra]) VALUES (311, 15, N'CEMENTO PORTLAND X 50KG', 5, '20201015 16:28:57.657', NULL, 0.00)
INSERT INTO [dbo].[Insumo] ([InsumoId], [SubConceptoId], [Descripcion], [UnidadMedidaId], [FechaAlta], [FechaBaja], [UltimoPrecioCompra]) VALUES (312, 22, N'UPN 140 BARRA  X 12M', 3, '20201015 16:33:54.413', NULL, 31700.00)
INSERT INTO [dbo].[Insumo] ([InsumoId], [SubConceptoId], [Descripcion], [UnidadMedidaId], [FechaAlta], [FechaBaja], [UltimoPrecioCompra]) VALUES (313, 22, N'IPN 200MM BARRA X12M ', 3, '20201015 16:34:18.617', NULL, 55000.00)
INSERT INTO [dbo].[Insumo] ([InsumoId], [SubConceptoId], [Descripcion], [UnidadMedidaId], [FechaAlta], [FechaBaja], [UltimoPrecioCompra]) VALUES (314, 21, N'GRANCILLA TRITURADA 6-19', 4, '20201015 16:34:48.180', NULL, NULL)
INSERT INTO [dbo].[Insumo] ([InsumoId], [SubConceptoId], [Descripcion], [UnidadMedidaId], [FechaAlta], [FechaBaja], [UltimoPrecioCompra]) VALUES (315, 21, N'GRANCILLA TRITURADA 10-30', 3, '20201015 16:37:21.510', NULL, NULL)
INSERT INTO [dbo].[Insumo] ([InsumoId], [SubConceptoId], [Descripcion], [UnidadMedidaId], [FechaAlta], [FechaBaja], [UltimoPrecioCompra]) VALUES (316, 24, N'SERVICIO INSTALACIÓN BOMBA', 3, '20201015 16:38:46.450', NULL, NULL)
INSERT INTO [dbo].[Insumo] ([InsumoId], [SubConceptoId], [Descripcion], [UnidadMedidaId], [FechaAlta], [FechaBaja], [UltimoPrecioCompra]) VALUES (317, 23, N'HORMIGÓN ELABORADO H17 ', 4, '20201015 16:39:54.120', NULL, NULL)
INSERT INTO [dbo].[Insumo] ([InsumoId], [SubConceptoId], [Descripcion], [UnidadMedidaId], [FechaAlta], [FechaBaja], [UltimoPrecioCompra]) VALUES (318, 23, N'SERVICIO DE BOMBA POR HORA', 3, '20201015 16:42:10.720', NULL, NULL)
INSERT INTO [dbo].[Insumo] ([InsumoId], [SubConceptoId], [Descripcion], [UnidadMedidaId], [FechaAlta], [FechaBaja], [UltimoPrecioCompra]) VALUES (319, 3, N'CAÑO CORRUGADO SEMIPESADO 7/8 GRIS X 100M', 3, '20201020 07:01:39.000', NULL, 0.00)
INSERT INTO [dbo].[Insumo] ([InsumoId], [SubConceptoId], [Descripcion], [UnidadMedidaId], [FechaAlta], [FechaBaja], [UltimoPrecioCompra]) VALUES (320, 3, N'CAÑO CORRUGADO 7/8 BLANCO X 100M', 6, '20201020 07:02:08.000', NULL, 0.00)
INSERT INTO [dbo].[Insumo] ([InsumoId], [SubConceptoId], [Descripcion], [UnidadMedidaId], [FechaAlta], [FechaBaja], [UltimoPrecioCompra]) VALUES (321, 3, N'CAÑO CORRUGADO 1" GRIS X 100M', 6, '20201020 07:02:34.000', NULL, 0.00)
INSERT INTO [dbo].[Insumo] ([InsumoId], [SubConceptoId], [Descripcion], [UnidadMedidaId], [FechaAlta], [FechaBaja], [UltimoPrecioCompra]) VALUES (322, 3, N'CAÑO CORRUGADO 1" BLANCO X 100M', 6, '20201020 07:02:53.000', NULL, 0.00)
INSERT INTO [dbo].[Insumo] ([InsumoId], [SubConceptoId], [Descripcion], [UnidadMedidaId], [FechaAlta], [FechaBaja], [UltimoPrecioCompra]) VALUES (323, 3, N'CAÑO CORRUGADO 1" 1/2 BLANCO X 100M', 6, '20201020 07:05:47.000', NULL, 0.00)
INSERT INTO [dbo].[Insumo] ([InsumoId], [SubConceptoId], [Descripcion], [UnidadMedidaId], [FechaAlta], [FechaBaja], [UltimoPrecioCompra]) VALUES (324, 3, N'CAJA DE CHAPA 5X10', 3, '20201020 07:06:02.697', NULL, 0.00)
INSERT INTO [dbo].[Insumo] ([InsumoId], [SubConceptoId], [Descripcion], [UnidadMedidaId], [FechaAlta], [FechaBaja], [UltimoPrecioCompra]) VALUES (325, 3, N'CAJA DE CHAPA OCTOGONAL 7X7', 3, '20201020 07:07:18.497', NULL, 0.00)
INSERT INTO [dbo].[Insumo] ([InsumoId], [SubConceptoId], [Descripcion], [UnidadMedidaId], [FechaAlta], [FechaBaja], [UltimoPrecioCompra]) VALUES (326, 3, N'CAJA DE PVC 20X20X8', 3, '20201020 07:10:20.733', NULL, NULL)
INSERT INTO [dbo].[Insumo] ([InsumoId], [SubConceptoId], [Descripcion], [UnidadMedidaId], [FechaAlta], [FechaBaja], [UltimoPrecioCompra]) VALUES (327, 3, N'TABLERO ELÉCTRICO DE EMBUTIR DE 52 MÓDULOS ', 3, '20201020 07:10:36.123', NULL, 0.00)
INSERT INTO [dbo].[Insumo] ([InsumoId], [SubConceptoId], [Descripcion], [UnidadMedidaId], [FechaAlta], [FechaBaja], [UltimoPrecioCompra]) VALUES (328, 3, N'TANZA DE 1.5MM ', 3, '20201020 07:12:07.140', NULL, 0.00)
INSERT INTO [dbo].[Insumo] ([InsumoId], [SubConceptoId], [Descripcion], [UnidadMedidaId], [FechaAlta], [FechaBaja], [UltimoPrecioCompra]) VALUES (329, 3, N'CABLE 1X2.5MM CELESTE X METRO', 1, '20201020 07:12:40.000', NULL, 0.00)
INSERT INTO [dbo].[Insumo] ([InsumoId], [SubConceptoId], [Descripcion], [UnidadMedidaId], [FechaAlta], [FechaBaja], [UltimoPrecioCompra]) VALUES (330, 3, N'CABLE 1X2.5MM ROJO X METRO', 1, '20201020 07:13:10.000', NULL, 0.00)
INSERT INTO [dbo].[Insumo] ([InsumoId], [SubConceptoId], [Descripcion], [UnidadMedidaId], [FechaAlta], [FechaBaja], [UltimoPrecioCompra]) VALUES (331, 3, N'CABLE 1X2.5MM BLANCO X METRO', 1, '20201020 07:13:39.000', NULL, 0.00)
INSERT INTO [dbo].[Insumo] ([InsumoId], [SubConceptoId], [Descripcion], [UnidadMedidaId], [FechaAlta], [FechaBaja], [UltimoPrecioCompra]) VALUES (332, 3, N'CABLE 1X2.5MM NEGRO X METRO', 1, '20201020 07:14:14.000', NULL, 0.00)
INSERT INTO [dbo].[Insumo] ([InsumoId], [SubConceptoId], [Descripcion], [UnidadMedidaId], [FechaAlta], [FechaBaja], [UltimoPrecioCompra]) VALUES (333, 3, N'CABLE 1X2.5MM VERDE AMARILLO X METRO', 1, '20201020 07:14:29.000', NULL, 0.00)
INSERT INTO [dbo].[Insumo] ([InsumoId], [SubConceptoId], [Descripcion], [UnidadMedidaId], [FechaAlta], [FechaBaja], [UltimoPrecioCompra]) VALUES (334, 3, N'CABLE 1X1.5MM  BLANCO X METRO', 1, '20201020 07:14:59.000', NULL, 0.00)
INSERT INTO [dbo].[Insumo] ([InsumoId], [SubConceptoId], [Descripcion], [UnidadMedidaId], [FechaAlta], [FechaBaja], [UltimoPrecioCompra]) VALUES (335, 3, N'CABLE 1X1.5MM NEGRO X METRO', 1, '20201020 07:15:13.000', NULL, 0.00)
INSERT INTO [dbo].[Insumo] ([InsumoId], [SubConceptoId], [Descripcion], [UnidadMedidaId], [FechaAlta], [FechaBaja], [UltimoPrecioCompra]) VALUES (336, 3, N'CABLE 1X1.5MM   MARRON X METRO', 1, '20201020 07:15:28.000', NULL, 0.00)
INSERT INTO [dbo].[Insumo] ([InsumoId], [SubConceptoId], [Descripcion], [UnidadMedidaId], [FechaAlta], [FechaBaja], [UltimoPrecioCompra]) VALUES (337, 3, N'CABLE 1X4MM CELESTE X METRO', 1, '20201020 07:15:47.000', NULL, 0.00)
INSERT INTO [dbo].[Insumo] ([InsumoId], [SubConceptoId], [Descripcion], [UnidadMedidaId], [FechaAlta], [FechaBaja], [UltimoPrecioCompra]) VALUES (338, 3, N'CABLE 1X4MM ROJO X METRO', 1, '20201020 07:16:02.000', NULL, 0.00)
INSERT INTO [dbo].[Insumo] ([InsumoId], [SubConceptoId], [Descripcion], [UnidadMedidaId], [FechaAlta], [FechaBaja], [UltimoPrecioCompra]) VALUES (339, 3, N'CABLE 1X10MM VERDE AMARILLO X METRO', 1, '20201020 07:18:48.000', NULL, 0.00)
INSERT INTO [dbo].[Insumo] ([InsumoId], [SubConceptoId], [Descripcion], [UnidadMedidaId], [FechaAlta], [FechaBaja], [UltimoPrecioCompra]) VALUES (340, 3, N'LLAVE TÉRMICA 4X63 AMPERES', 3, '20201020 07:20:02.683', NULL, 0.00)
INSERT INTO [dbo].[Insumo] ([InsumoId], [SubConceptoId], [Descripcion], [UnidadMedidaId], [FechaAlta], [FechaBaja], [UltimoPrecioCompra]) VALUES (341, 3, N'LLAVE TÉRMICA 4X50 AMPERES ', 3, '20201020 07:20:29.057', NULL, 0.00)
INSERT INTO [dbo].[Insumo] ([InsumoId], [SubConceptoId], [Descripcion], [UnidadMedidaId], [FechaAlta], [FechaBaja], [UltimoPrecioCompra]) VALUES (342, 3, N'DISYUNTOR DIFERNCIAL 2X25 AMPERES', 3, '20201020 07:21:00.000', NULL, 0.00)
INSERT INTO [dbo].[Insumo] ([InsumoId], [SubConceptoId], [Descripcion], [UnidadMedidaId], [FechaAlta], [FechaBaja], [UltimoPrecioCompra]) VALUES (343, 3, N'LLAVE TÉRMICA 2X16 AMPERES', 3, '20201020 07:21:20.043', NULL, 0.00)
INSERT INTO [dbo].[Insumo] ([InsumoId], [SubConceptoId], [Descripcion], [UnidadMedidaId], [FechaAlta], [FechaBaja], [UltimoPrecioCompra]) VALUES (344, 3, N'LLAVE TÉRMICA 2X20 AMPERES', 3, '20201020 07:21:37.000', NULL, 0.00)
INSERT INTO [dbo].[Insumo] ([InsumoId], [SubConceptoId], [Descripcion], [UnidadMedidaId], [FechaAlta], [FechaBaja], [UltimoPrecioCompra]) VALUES (345, 3, N'ROLLO DE CINTA AISLADORA X 20MTS ', 3, '20201020 07:21:55.917', NULL, 0.00)
INSERT INTO [dbo].[Insumo] ([InsumoId], [SubConceptoId], [Descripcion], [UnidadMedidaId], [FechaAlta], [FechaBaja], [UltimoPrecioCompra]) VALUES (346, 14, N'SIKAFILL TECHOS BLANCO X 20KG', 3, '20201020 09:13:02.567', NULL, 3490.00)
INSERT INTO [dbo].[Insumo] ([InsumoId], [SubConceptoId], [Descripcion], [UnidadMedidaId], [FechaAlta], [FechaBaja], [UltimoPrecioCompra]) VALUES (347, 14, N'MEMBRANA GEOTEXTIL 40KG', 3, '20201020 09:13:34.990', NULL, 3310.00)
INSERT INTO [dbo].[Insumo] ([InsumoId], [SubConceptoId], [Descripcion], [UnidadMedidaId], [FechaAlta], [FechaBaja], [UltimoPrecioCompra]) VALUES (348, 14, N'PINTURA ASFÁLTICA A BASE SOLVENTE X 18 LTS', 3, '20201020 09:17:48.213', NULL, 3300.00)
INSERT INTO [dbo].[Insumo] ([InsumoId], [SubConceptoId], [Descripcion], [UnidadMedidaId], [FechaAlta], [FechaBaja], [UltimoPrecioCompra]) VALUES (349, 2, N' CAÑOS AGUA 25 X 4ML', 3, '20201020 11:47:07.670', NULL, 0.00)
INSERT INTO [dbo].[Insumo] ([InsumoId], [SubConceptoId], [Descripcion], [UnidadMedidaId], [FechaAlta], [FechaBaja], [UltimoPrecioCompra]) VALUES (350, 2, N'CODOS DE 25 CON INSERTO HEMBRA DE 1/2', 3, '20201020 11:47:34.310', NULL, 0.00)
INSERT INTO [dbo].[Insumo] ([InsumoId], [SubConceptoId], [Descripcion], [UnidadMedidaId], [FechaAlta], [FechaBaja], [UltimoPrecioCompra]) VALUES (351, 2, N'CUPLA DE 25', 3, '20201020 11:47:56.153', NULL, 0.00)
INSERT INTO [dbo].[Insumo] ([InsumoId], [SubConceptoId], [Descripcion], [UnidadMedidaId], [FechaAlta], [FechaBaja], [UltimoPrecioCompra]) VALUES (352, 2, N'CODOS A 90° DE 25', 3, '20201020 11:48:28.297', NULL, 0.00)
INSERT INTO [dbo].[Insumo] ([InsumoId], [SubConceptoId], [Descripcion], [UnidadMedidaId], [FechaAlta], [FechaBaja], [UltimoPrecioCompra]) VALUES (353, 2, N'CAÑOS Ø63 PVC X 4M', 3, '20201020 11:49:02.640', NULL, 0.00)
INSERT INTO [dbo].[Insumo] ([InsumoId], [SubConceptoId], [Descripcion], [UnidadMedidaId], [FechaAlta], [FechaBaja], [UltimoPrecioCompra]) VALUES (354, 2, N'LLAVE DE PASO CON VÁLVULA ESFERICA 1/4 GIRO', 3, '20201020 11:49:22.110', NULL, 0.00)
INSERT INTO [dbo].[Insumo] ([InsumoId], [SubConceptoId], [Descripcion], [UnidadMedidaId], [FechaAlta], [FechaBaja], [UltimoPrecioCompra]) VALUES (355, 2, N' CAÑO AGUA 32 X 4ML', 3, '20201020 11:49:50.140', NULL, 0.00)
INSERT INTO [dbo].[Insumo] ([InsumoId], [SubConceptoId], [Descripcion], [UnidadMedidaId], [FechaAlta], [FechaBaja], [UltimoPrecioCompra]) VALUES (356, 2, N'TAPÓN PLÁSTICO PARA AGUAD DE1/2"', 3, '20201020 11:50:18.830', NULL, 0.00)
INSERT INTO [dbo].[Insumo] ([InsumoId], [SubConceptoId], [Descripcion], [UnidadMedidaId], [FechaAlta], [FechaBaja], [UltimoPrecioCompra]) VALUES (357, 2, N'TEFLÓN 3/4 X 20 ML', 6, '20201020 11:50:37.000', NULL, 0.00)
INSERT INTO [dbo].[Insumo] ([InsumoId], [SubConceptoId], [Descripcion], [UnidadMedidaId], [FechaAlta], [FechaBaja], [UltimoPrecioCompra]) VALUES (358, 4, N'CAÑO Ø 1 1/4" X 6.40 M', 3, '20201020 12:03:20.673', NULL, NULL)
INSERT INTO [dbo].[Insumo] ([InsumoId], [SubConceptoId], [Descripcion], [UnidadMedidaId], [FechaAlta], [FechaBaja], [UltimoPrecioCompra]) VALUES (359, 4, N'CAÑO Ø 1" X 6.40 M', 3, '20201020 12:03:45.517', NULL, 0.00)
INSERT INTO [dbo].[Insumo] ([InsumoId], [SubConceptoId], [Descripcion], [UnidadMedidaId], [FechaAlta], [FechaBaja], [UltimoPrecioCompra]) VALUES (360, 4, N'CAÑO Ø 3/4" X 6.40 M', 3, '20201020 12:04:07.187', NULL, 0.00)
INSERT INTO [dbo].[Insumo] ([InsumoId], [SubConceptoId], [Descripcion], [UnidadMedidaId], [FechaAlta], [FechaBaja], [UltimoPrecioCompra]) VALUES (361, 4, N'LLAVE DE PASO Ø 3/4"', 3, '20201020 12:04:35.703', NULL, 0.00)
INSERT INTO [dbo].[Insumo] ([InsumoId], [SubConceptoId], [Descripcion], [UnidadMedidaId], [FechaAlta], [FechaBaja], [UltimoPrecioCompra]) VALUES (362, 4, N'LLAV DE PASO Ø 1"', 3, '20201020 12:04:54.500', NULL, 0.00)
INSERT INTO [dbo].[Insumo] ([InsumoId], [SubConceptoId], [Descripcion], [UnidadMedidaId], [FechaAlta], [FechaBaja], [UltimoPrecioCompra]) VALUES (363, 4, N'BUJE DE REDUCCIÓN DE 1 1/4" A 3/4"', 3, '20201020 12:05:17.033', NULL, 0.00)
INSERT INTO [dbo].[Insumo] ([InsumoId], [SubConceptoId], [Descripcion], [UnidadMedidaId], [FechaAlta], [FechaBaja], [UltimoPrecioCompra]) VALUES (364, 4, N'CODO H-H A 90° Ø 1 1/4"', 3, '20201020 12:05:40.423', NULL, 0.00)
INSERT INTO [dbo].[Insumo] ([InsumoId], [SubConceptoId], [Descripcion], [UnidadMedidaId], [FechaAlta], [FechaBaja], [UltimoPrecioCompra]) VALUES (365, 4, N'CODO M-H A 90° Ø 1 1/4"', 3, '20201020 12:05:54.957', NULL, 0.00)
INSERT INTO [dbo].[Insumo] ([InsumoId], [SubConceptoId], [Descripcion], [UnidadMedidaId], [FechaAlta], [FechaBaja], [UltimoPrecioCompra]) VALUES (366, 4, N'TAPÓN  Ø 1 1/4"', 3, '20201020 12:06:47.473', NULL, 0.00)
INSERT INTO [dbo].[Insumo] ([InsumoId], [SubConceptoId], [Descripcion], [UnidadMedidaId], [FechaAlta], [FechaBaja], [UltimoPrecioCompra]) VALUES (367, 4, N'TAPÓN Ø 3/4"', 3, '20201020 12:07:09.300', NULL, 0.00)
INSERT INTO [dbo].[Insumo] ([InsumoId], [SubConceptoId], [Descripcion], [UnidadMedidaId], [FechaAlta], [FechaBaja], [UltimoPrecioCompra]) VALUES (368, 4, N'CUPLAS Ø 1 1/4"', 3, '20201020 12:07:37.723', NULL, 0.00)
INSERT INTO [dbo].[Insumo] ([InsumoId], [SubConceptoId], [Descripcion], [UnidadMedidaId], [FechaAlta], [FechaBaja], [UltimoPrecioCompra]) VALUES (369, 4, N'TEE DE REDUCCIÓN CENTRAL Ø 1 1/4" X 1 X 1 1/4"', 3, '20201020 12:08:34.520', NULL, 0.00)
INSERT INTO [dbo].[Insumo] ([InsumoId], [SubConceptoId], [Descripcion], [UnidadMedidaId], [FechaAlta], [FechaBaja], [UltimoPrecioCompra]) VALUES (370, 4, N'BUJE DE REDUCCIÓN Ø 1 1/4" A 1"', 3, '20201020 12:08:53.817', NULL, 0.00)
INSERT INTO [dbo].[Insumo] ([InsumoId], [SubConceptoId], [Descripcion], [UnidadMedidaId], [FechaAlta], [FechaBaja], [UltimoPrecioCompra]) VALUES (371, 4, N'CODO A 90° H-H Ø1', 3, '20201020 12:09:15.990', NULL, 0.00)
INSERT INTO [dbo].[Insumo] ([InsumoId], [SubConceptoId], [Descripcion], [UnidadMedidaId], [FechaAlta], [FechaBaja], [UltimoPrecioCompra]) VALUES (372, 4, N'CUPLA Ø 1', 3, '20201020 12:09:35.000', '20201020 13:57:40.467', NULL)
INSERT INTO [dbo].[Insumo] ([InsumoId], [SubConceptoId], [Descripcion], [UnidadMedidaId], [FechaAlta], [FechaBaja], [UltimoPrecioCompra]) VALUES (373, 4, N'CODO REDUCCIÓN DE Ø 1" A 3/4"', 3, '20201020 12:09:54.197', NULL, 0.00)
INSERT INTO [dbo].[Insumo] ([InsumoId], [SubConceptoId], [Descripcion], [UnidadMedidaId], [FechaAlta], [FechaBaja], [UltimoPrecioCompra]) VALUES (374, 4, N'TEE Ø 1"', 3, '20201020 12:10:11.367', NULL, 0.00)
INSERT INTO [dbo].[Insumo] ([InsumoId], [SubConceptoId], [Descripcion], [UnidadMedidaId], [FechaAlta], [FechaBaja], [UltimoPrecioCompra]) VALUES (375, 4, N'BUJE DE REDUCCIÓN Ø 1" A 3/4"', 3, '20201020 12:10:31.227', NULL, 0.00)
INSERT INTO [dbo].[Insumo] ([InsumoId], [SubConceptoId], [Descripcion], [UnidadMedidaId], [FechaAlta], [FechaBaja], [UltimoPrecioCompra]) VALUES (376, 4, N'CODO H-H A 90° Ø 3/4"', 3, '20201020 12:10:50.290', NULL, 0.00)
INSERT INTO [dbo].[Insumo] ([InsumoId], [SubConceptoId], [Descripcion], [UnidadMedidaId], [FechaAlta], [FechaBaja], [UltimoPrecioCompra]) VALUES (377, 4, N'CUPLA Ø 3/4"', 3, '20201020 12:11:11.260', NULL, 0.00)
INSERT INTO [dbo].[Insumo] ([InsumoId], [SubConceptoId], [Descripcion], [UnidadMedidaId], [FechaAlta], [FechaBaja], [UltimoPrecioCompra]) VALUES (378, 4, N'CODO REDUCCIÓN Ø 3/4" A 1/2"', 3, '20201020 12:11:31.743', NULL, 0.00)
INSERT INTO [dbo].[Insumo] ([InsumoId], [SubConceptoId], [Descripcion], [UnidadMedidaId], [FechaAlta], [FechaBaja], [UltimoPrecioCompra]) VALUES (379, 4, N'CUPLA Ø 1"', 3, '20201020 12:11:50.807', NULL, 0.00)
INSERT INTO [dbo].[Insumo] ([InsumoId], [SubConceptoId], [Descripcion], [UnidadMedidaId], [FechaAlta], [FechaBaja], [UltimoPrecioCompra]) VALUES (380, 4, N'LLAVE DE PASO Ø 1"', 3, '20201020 12:15:10.543', NULL, 0.00)
INSERT INTO [dbo].[Insumo] ([InsumoId], [SubConceptoId], [Descripcion], [UnidadMedidaId], [FechaAlta], [FechaBaja], [UltimoPrecioCompra]) VALUES (381, 25, N'CAÑO Ø110 X 4M', 3, '20201020 14:03:24.580', NULL, 0.00)
INSERT INTO [dbo].[Insumo] ([InsumoId], [SubConceptoId], [Descripcion], [UnidadMedidaId], [FechaAlta], [FechaBaja], [UltimoPrecioCompra]) VALUES (382, 25, N'RAMAL "Y" Ø110 M-H', 3, '20201020 14:03:59.347', NULL, 0.00)
INSERT INTO [dbo].[Insumo] ([InsumoId], [SubConceptoId], [Descripcion], [UnidadMedidaId], [FechaAlta], [FechaBaja], [UltimoPrecioCompra]) VALUES (383, 25, N'CODO M-H Ø110 A 45°', 3, '20201020 14:04:33.427', NULL, 0.00)
INSERT INTO [dbo].[Insumo] ([InsumoId], [SubConceptoId], [Descripcion], [UnidadMedidaId], [FechaAlta], [FechaBaja], [UltimoPrecioCompra]) VALUES (384, 25, N'CODO M-H Ø110 A 90°', 3, '20201020 14:04:54.723', NULL, 0.00)
INSERT INTO [dbo].[Insumo] ([InsumoId], [SubConceptoId], [Descripcion], [UnidadMedidaId], [FechaAlta], [FechaBaja], [UltimoPrecioCompra]) VALUES (385, 25, N'CUPLA REDUCCIÓN M-H Ø110 X Ø63', 3, '20201020 14:06:22.473', NULL, 0.00)
INSERT INTO [dbo].[Insumo] ([InsumoId], [SubConceptoId], [Descripcion], [UnidadMedidaId], [FechaAlta], [FechaBaja], [UltimoPrecioCompra]) VALUES (386, 25, N'RAMAL SIMPLE M-H Ø110 X Ø110', 3, '20201020 14:06:47.130', NULL, 0.00)
INSERT INTO [dbo].[Insumo] ([InsumoId], [SubConceptoId], [Descripcion], [UnidadMedidaId], [FechaAlta], [FechaBaja], [UltimoPrecioCompra]) VALUES (387, 25, N'SOLUCIÓN LUBRICANTE EN AEROSOL X 410CC', 3, '20201020 14:07:09.990', NULL, 0.00)
INSERT INTO [dbo].[Insumo] ([InsumoId], [SubConceptoId], [Descripcion], [UnidadMedidaId], [FechaAlta], [FechaBaja], [UltimoPrecioCompra]) VALUES (388, 2, N'CAÑO Ø20 ', 3, '20201021 05:27:07.787', NULL, 0.00)
INSERT INTO [dbo].[Insumo] ([InsumoId], [SubConceptoId], [Descripcion], [UnidadMedidaId], [FechaAlta], [FechaBaja], [UltimoPrecioCompra]) VALUES (389, 2, N'CAÑO Ø25', 3, '20201021 05:27:35.303', NULL, 0.00)
INSERT INTO [dbo].[Insumo] ([InsumoId], [SubConceptoId], [Descripcion], [UnidadMedidaId], [FechaAlta], [FechaBaja], [UltimoPrecioCompra]) VALUES (390, 2, N'CAÑO Ø32', 3, '20201021 05:28:03.820', NULL, 0.00)
INSERT INTO [dbo].[Insumo] ([InsumoId], [SubConceptoId], [Descripcion], [UnidadMedidaId], [FechaAlta], [FechaBaja], [UltimoPrecioCompra]) VALUES (391, 2, N'CAÑO Ø50 ', 3, '20201021 05:28:21.803', NULL, 0.00)
INSERT INTO [dbo].[Insumo] ([InsumoId], [SubConceptoId], [Descripcion], [UnidadMedidaId], [FechaAlta], [FechaBaja], [UltimoPrecioCompra]) VALUES (392, 2, N'CUPLA Ø20', 3, '20201021 05:29:00.367', NULL, 0.00)
INSERT INTO [dbo].[Insumo] ([InsumoId], [SubConceptoId], [Descripcion], [UnidadMedidaId], [FechaAlta], [FechaBaja], [UltimoPrecioCompra]) VALUES (393, 2, N'CUPLA Ø25', 3, '20201021 05:29:30.960', NULL, 0.00)
INSERT INTO [dbo].[Insumo] ([InsumoId], [SubConceptoId], [Descripcion], [UnidadMedidaId], [FechaAlta], [FechaBaja], [UltimoPrecioCompra]) VALUES (394, 2, N'CUPLA Ø32', 3, '20201021 05:29:45.303', NULL, 0.00)
INSERT INTO [dbo].[Insumo] ([InsumoId], [SubConceptoId], [Descripcion], [UnidadMedidaId], [FechaAlta], [FechaBaja], [UltimoPrecioCompra]) VALUES (395, 2, N'CUPLA Ø50', 3, '20201021 05:30:01.227', NULL, 0.00)
INSERT INTO [dbo].[Insumo] ([InsumoId], [SubConceptoId], [Descripcion], [UnidadMedidaId], [FechaAlta], [FechaBaja], [UltimoPrecioCompra]) VALUES (396, 2, N'CUPLA CON INSERTO HEMBRA Ø50 X 1 1/2"', 3, '20201021 05:30:18.977', NULL, 0.00)
INSERT INTO [dbo].[Insumo] ([InsumoId], [SubConceptoId], [Descripcion], [UnidadMedidaId], [FechaAlta], [FechaBaja], [UltimoPrecioCompra]) VALUES (397, 2, N'CODO A 45° Ø50 H-H', 3, '20201021 05:30:33.540', NULL, 0.00)
INSERT INTO [dbo].[Insumo] ([InsumoId], [SubConceptoId], [Descripcion], [UnidadMedidaId], [FechaAlta], [FechaBaja], [UltimoPrecioCompra]) VALUES (398, 2, N'"T" Ø50', 3, '20201021 05:31:02.493', NULL, 0.00)
INSERT INTO [dbo].[Insumo] ([InsumoId], [SubConceptoId], [Descripcion], [UnidadMedidaId], [FechaAlta], [FechaBaja], [UltimoPrecioCompra]) VALUES (399, 2, N'CODO A 90° H-H Ø50', 3, '20201021 05:31:26.307', NULL, 0.00)
INSERT INTO [dbo].[Insumo] ([InsumoId], [SubConceptoId], [Descripcion], [UnidadMedidaId], [FechaAlta], [FechaBaja], [UltimoPrecioCompra]) VALUES (400, 2, N'VÁLVULA ESFERICA FUSION MILIMETRICA  Ø50 ', 3, '20201021 05:32:12.090', NULL, 0.00)
INSERT INTO [dbo].[Insumo] ([InsumoId], [SubConceptoId], [Descripcion], [UnidadMedidaId], [FechaAlta], [FechaBaja], [UltimoPrecioCompra]) VALUES (401, 2, N'TEE REDUCCIÓN CENTRAL Ø50 X 32 X 50', 3, '20201021 05:32:37.230', NULL, 0.00)
INSERT INTO [dbo].[Insumo] ([InsumoId], [SubConceptoId], [Descripcion], [UnidadMedidaId], [FechaAlta], [FechaBaja], [UltimoPrecioCompra]) VALUES (402, 2, N'BUJE DE REDUCCIÓN Ø50 X 32', 3, '20201021 05:32:51.340', NULL, 0.00)
INSERT INTO [dbo].[Insumo] ([InsumoId], [SubConceptoId], [Descripcion], [UnidadMedidaId], [FechaAlta], [FechaBaja], [UltimoPrecioCompra]) VALUES (403, 2, N'LLAVE DE PASO ESFERICA Ø32 CON MANIJA LARGA', 3, '20201021 05:33:22.530', NULL, 0.00)
INSERT INTO [dbo].[Insumo] ([InsumoId], [SubConceptoId], [Descripcion], [UnidadMedidaId], [FechaAlta], [FechaBaja], [UltimoPrecioCompra]) VALUES (404, 2, N'CUPLA CON INSERTO MACHO Ø50 X 1 1/2', 3, '20201021 05:33:40.937', NULL, 0.00)
INSERT INTO [dbo].[Insumo] ([InsumoId], [SubConceptoId], [Descripcion], [UnidadMedidaId], [FechaAlta], [FechaBaja], [UltimoPrecioCompra]) VALUES (405, 2, N'TEE Ø25', 3, '20201021 05:33:55.953', NULL, 0.00)
INSERT INTO [dbo].[Insumo] ([InsumoId], [SubConceptoId], [Descripcion], [UnidadMedidaId], [FechaAlta], [FechaBaja], [UltimoPrecioCompra]) VALUES (406, 2, N'CODO A 90° Ø25', 3, '20201021 05:34:11.860', NULL, 0.00)
INSERT INTO [dbo].[Insumo] ([InsumoId], [SubConceptoId], [Descripcion], [UnidadMedidaId], [FechaAlta], [FechaBaja], [UltimoPrecioCompra]) VALUES (407, 2, N'CODO A 90° Ø32', 3, '20201021 05:34:26.983', NULL, 0.00)
INSERT INTO [dbo].[Insumo] ([InsumoId], [SubConceptoId], [Descripcion], [UnidadMedidaId], [FechaAlta], [FechaBaja], [UltimoPrecioCompra]) VALUES (408, 2, N'BUJE REDUCCIÓN Ø32 X 25', 3, '20201021 05:34:42.423', NULL, 0.00)
INSERT INTO [dbo].[Insumo] ([InsumoId], [SubConceptoId], [Descripcion], [UnidadMedidaId], [FechaAlta], [FechaBaja], [UltimoPrecioCompra]) VALUES (409, 2, N'TEE CON INSERTO METÁLICO HEMBRA Ø32  X 3/4 X 32', 3, '20201021 05:35:08.860', NULL, NULL)
INSERT INTO [dbo].[Insumo] ([InsumoId], [SubConceptoId], [Descripcion], [UnidadMedidaId], [FechaAlta], [FechaBaja], [UltimoPrecioCompra]) VALUES (410, 2, N'LLAVE DE PASO ESFERICA Ø32 CON CAPUCHÓN Y ROSETA CROMADA CON MANDO OCULTO', 3, '20201021 05:36:11.470', NULL, NULL)
INSERT INTO [dbo].[Insumo] ([InsumoId], [SubConceptoId], [Descripcion], [UnidadMedidaId], [FechaAlta], [FechaBaja], [UltimoPrecioCompra]) VALUES (411, 2, N'CUPLA CON INSERTO METÁLICO HEMBRA Ø32 X 3/4"', 3, '20201021 05:36:26.000', NULL, 0.00)
INSERT INTO [dbo].[Insumo] ([InsumoId], [SubConceptoId], [Descripcion], [UnidadMedidaId], [FechaAlta], [FechaBaja], [UltimoPrecioCompra]) VALUES (412, 2, N'TEE  Ø25', 3, '20201021 05:36:41.503', NULL, NULL)
INSERT INTO [dbo].[Insumo] ([InsumoId], [SubConceptoId], [Descripcion], [UnidadMedidaId], [FechaAlta], [FechaBaja], [UltimoPrecioCompra]) VALUES (413, 2, N'BUJES REDUCCIÓN Ø32 X 25', 3, '20201021 06:51:31.047', NULL, NULL)
INSERT INTO [dbo].[Insumo] ([InsumoId], [SubConceptoId], [Descripcion], [UnidadMedidaId], [FechaAlta], [FechaBaja], [UltimoPrecioCompra]) VALUES (414, 2, N'TEE Ø32', 3, '20201021 06:51:52.703', NULL, NULL)
INSERT INTO [dbo].[Insumo] ([InsumoId], [SubConceptoId], [Descripcion], [UnidadMedidaId], [FechaAlta], [FechaBaja], [UltimoPrecioCompra]) VALUES (415, 2, N'CODO CON INSERTO HEMBRA Ø25 X 3/4', 3, '20201021 06:52:18.487', NULL, NULL)
INSERT INTO [dbo].[Insumo] ([InsumoId], [SubConceptoId], [Descripcion], [UnidadMedidaId], [FechaAlta], [FechaBaja], [UltimoPrecioCompra]) VALUES (416, 2, N'SOBREPASO  Ø20', 3, '20201021 06:53:25.613', NULL, NULL)
INSERT INTO [dbo].[Insumo] ([InsumoId], [SubConceptoId], [Descripcion], [UnidadMedidaId], [FechaAlta], [FechaBaja], [UltimoPrecioCompra]) VALUES (417, 2, N'SOBREPASO  Ø25', 3, '20201021 06:53:49.770', NULL, NULL)
INSERT INTO [dbo].[Insumo] ([InsumoId], [SubConceptoId], [Descripcion], [UnidadMedidaId], [FechaAlta], [FechaBaja], [UltimoPrecioCompra]) VALUES (418, 2, N'SOBREPASO INYECTADO Ø20', 3, '20201021 06:54:08.033', NULL, NULL)
INSERT INTO [dbo].[Insumo] ([InsumoId], [SubConceptoId], [Descripcion], [UnidadMedidaId], [FechaAlta], [FechaBaja], [UltimoPrecioCompra]) VALUES (419, 2, N'BUJE REDUCCIÓN Ø25 X 20', 3, '20201021 06:56:36.133', NULL, NULL)
INSERT INTO [dbo].[Insumo] ([InsumoId], [SubConceptoId], [Descripcion], [UnidadMedidaId], [FechaAlta], [FechaBaja], [UltimoPrecioCompra]) VALUES (420, 2, N'LLAVE DE PASO ESFERICA Ø20 CON CAPUCHÓN Y ROSETA CROMADA', 3, '20201021 06:58:20.667', NULL, NULL)
INSERT INTO [dbo].[Insumo] ([InsumoId], [SubConceptoId], [Descripcion], [UnidadMedidaId], [FechaAlta], [FechaBaja], [UltimoPrecioCompra]) VALUES (421, 2, N'CODO A 90° Ø20', 3, '20201021 06:58:37.917', NULL, NULL)
INSERT INTO [dbo].[Insumo] ([InsumoId], [SubConceptoId], [Descripcion], [UnidadMedidaId], [FechaAlta], [FechaBaja], [UltimoPrecioCompra]) VALUES (422, 2, N'TEE Ø20', 3, '20201021 06:59:01.963', NULL, NULL)
INSERT INTO [dbo].[Insumo] ([InsumoId], [SubConceptoId], [Descripcion], [UnidadMedidaId], [FechaAlta], [FechaBaja], [UltimoPrecioCompra]) VALUES (423, 2, N'CUPLA CON INSERTO METÁLICO MACHO Ø20 X 1/2"', 3, '20201021 06:59:36.480', NULL, NULL)
INSERT INTO [dbo].[Insumo] ([InsumoId], [SubConceptoId], [Descripcion], [UnidadMedidaId], [FechaAlta], [FechaBaja], [UltimoPrecioCompra]) VALUES (424, 2, N'CUPLA CON INSERTO METÁLICO HEMBRA Ø20 X 1/2"', 3, '20201021 07:00:00.090', NULL, NULL)
INSERT INTO [dbo].[Insumo] ([InsumoId], [SubConceptoId], [Descripcion], [UnidadMedidaId], [FechaAlta], [FechaBaja], [UltimoPrecioCompra]) VALUES (425, 2, N'CODO CON INSERTO METÁLICO HEMBRA Ø20 X 1/2"', 3, '20201021 07:00:43.683', NULL, NULL)
INSERT INTO [dbo].[Insumo] ([InsumoId], [SubConceptoId], [Descripcion], [UnidadMedidaId], [FechaAlta], [FechaBaja], [UltimoPrecioCompra]) VALUES (426, 2, N'CODO A 45° H-H Ø25', 3, '20201021 07:01:27.983', NULL, NULL)
INSERT INTO [dbo].[Insumo] ([InsumoId], [SubConceptoId], [Descripcion], [UnidadMedidaId], [FechaAlta], [FechaBaja], [UltimoPrecioCompra]) VALUES (427, 2, N'BOQUILLA Ø20', 3, '20201021 07:01:46.077', NULL, NULL)
INSERT INTO [dbo].[Insumo] ([InsumoId], [SubConceptoId], [Descripcion], [UnidadMedidaId], [FechaAlta], [FechaBaja], [UltimoPrecioCompra]) VALUES (428, 2, N'BOQUILLA Ø25', 3, '20201021 07:03:07.733', NULL, NULL)
INSERT INTO [dbo].[Insumo] ([InsumoId], [SubConceptoId], [Descripcion], [UnidadMedidaId], [FechaAlta], [FechaBaja], [UltimoPrecioCompra]) VALUES (429, 2, N'BOQUILLA Ø32', 3, '20201021 07:03:21.547', NULL, NULL)
INSERT INTO [dbo].[Insumo] ([InsumoId], [SubConceptoId], [Descripcion], [UnidadMedidaId], [FechaAlta], [FechaBaja], [UltimoPrecioCompra]) VALUES (430, 2, N'TANQUE DE AGUA FLAT CAPACIDAD 1000 LTS', 3, '20201021 07:03:46.360', NULL, NULL)
INSERT INTO [dbo].[Insumo] ([InsumoId], [SubConceptoId], [Descripcion], [UnidadMedidaId], [FechaAlta], [FechaBaja], [UltimoPrecioCompra]) VALUES (431, 2, N'SALIDA DE TANQUE POLIPOPRILENO 1 1/2"', 3, '20201021 07:04:09.157', NULL, NULL)
INSERT INTO [dbo].[Insumo] ([InsumoId], [SubConceptoId], [Descripcion], [UnidadMedidaId], [FechaAlta], [FechaBaja], [UltimoPrecioCompra]) VALUES (432, 2, N'CINTA ALUMINIZADA AUTOADHESIVA X 40M', 3, '20201021 07:04:27.330', NULL, NULL)
INSERT INTO [dbo].[Insumo] ([InsumoId], [SubConceptoId], [Descripcion], [UnidadMedidaId], [FechaAlta], [FechaBaja], [UltimoPrecioCompra]) VALUES (433, 2, N'VÁLVULAS PARA INODORO ', 3, '20201021 07:04:45.000', NULL, NULL)
INSERT INTO [dbo].[Insumo] ([InsumoId], [SubConceptoId], [Descripcion], [UnidadMedidaId], [FechaAlta], [FechaBaja], [UltimoPrecioCompra]) VALUES (434, 2, N'SELLADOR PARA ROSCA 125CC', 3, '20201021 07:05:20.877', NULL, NULL)
INSERT INTO [dbo].[Insumo] ([InsumoId], [SubConceptoId], [Descripcion], [UnidadMedidaId], [FechaAlta], [FechaBaja], [UltimoPrecioCompra]) VALUES (435, 2, N'TAPÓN MACHO POLIPROPILENO Ø1/2', 3, '20201021 07:06:04.283', NULL, NULL)
INSERT INTO [dbo].[Insumo] ([InsumoId], [SubConceptoId], [Descripcion], [UnidadMedidaId], [FechaAlta], [FechaBaja], [UltimoPrecioCompra]) VALUES (436, 2, N'TAPÓN MACHO POLIPROPILENO Ø 3/4', 3, '20201021 07:06:33.097', NULL, NULL)
INSERT INTO [dbo].[Insumo] ([InsumoId], [SubConceptoId], [Descripcion], [UnidadMedidaId], [FechaAlta], [FechaBaja], [UltimoPrecioCompra]) VALUES (437, 15, N' PASTINA PARA TOMADO DE JUNTAS X 5KG COLOR GRIS PLOMO', 3, '20201023 06:14:16.000', NULL, 0.00)
INSERT INTO [dbo].[Insumo] ([InsumoId], [SubConceptoId], [Descripcion], [UnidadMedidaId], [FechaAlta], [FechaBaja], [UltimoPrecioCompra]) VALUES (438, 2, N'BIDET 1AG BKM BARI B', 3, '20201026 04:58:19.310', NULL, NULL)
INSERT INTO [dbo].[Insumo] ([InsumoId], [SubConceptoId], [Descripcion], [UnidadMedidaId], [FechaAlta], [FechaBaja], [UltimoPrecioCompra]) VALUES (439, 15, N'PALLET RETORNABLES', 3, '20201026 05:06:19.817', NULL, NULL)
INSERT INTO [dbo].[Insumo] ([InsumoId], [SubConceptoId], [Descripcion], [UnidadMedidaId], [FechaAlta], [FechaBaja], [UltimoPrecioCompra]) VALUES (440, 15, N'CELERLOSA TECHO 16.5 5X25X40', 3, '20201026 05:55:46.257', NULL, NULL)
INSERT INTO [dbo].[Insumo] ([InsumoId], [SubConceptoId], [Descripcion], [UnidadMedidaId], [FechaAlta], [FechaBaja], [UltimoPrecioCompra]) VALUES (441, 26, N'PROYECTO ARQUITECTURA', 3, '20201026 06:44:39.517', NULL, 0.00)
INSERT INTO [dbo].[Insumo] ([InsumoId], [SubConceptoId], [Descripcion], [UnidadMedidaId], [FechaAlta], [FechaBaja], [UltimoPrecioCompra]) VALUES (442, 4, N'CALDERA ARISTON HS-X24 23000KC', 3, '20201026 06:49:48.943', NULL, NULL)
INSERT INTO [dbo].[Insumo] ([InsumoId], [SubConceptoId], [Descripcion], [UnidadMedidaId], [FechaAlta], [FechaBaja], [UltimoPrecioCompra]) VALUES (443, 2, N'BOCA ACCESO HORIZONTAL CON 3 ACOMETIDAS CERRADAS Ø110 X 63', 3, '20201027 04:33:56.317', NULL, 0.00)
INSERT INTO [dbo].[Insumo] ([InsumoId], [SubConceptoId], [Descripcion], [UnidadMedidaId], [FechaAlta], [FechaBaja], [UltimoPrecioCompra]) VALUES (444, 2, N'PILETA DE PATIO 4 ENTRADAS CON SIFÓN DESMONTABLE Ø40 X 63', 3, '20201027 04:34:13.793', NULL, 0.00)
INSERT INTO [dbo].[Insumo] ([InsumoId], [SubConceptoId], [Descripcion], [UnidadMedidaId], [FechaAlta], [FechaBaja], [UltimoPrecioCompra]) VALUES (445, 2, N'CODO A 45° H-H Ø63', 3, '20201027 04:34:29.010', NULL, 0.00)
INSERT INTO [dbo].[Insumo] ([InsumoId], [SubConceptoId], [Descripcion], [UnidadMedidaId], [FechaAlta], [FechaBaja], [UltimoPrecioCompra]) VALUES (446, 2, N'CODO A 45° M-H Ø63', 3, '20201027 04:34:45.253', NULL, 0.00)
INSERT INTO [dbo].[Insumo] ([InsumoId], [SubConceptoId], [Descripcion], [UnidadMedidaId], [FechaAlta], [FechaBaja], [UltimoPrecioCompra]) VALUES (447, 2, N'CODO A 45° H-H Ø40', 3, '20201027 04:35:02.753', NULL, 0.00)
INSERT INTO [dbo].[Insumo] ([InsumoId], [SubConceptoId], [Descripcion], [UnidadMedidaId], [FechaAlta], [FechaBaja], [UltimoPrecioCompra]) VALUES (448, 2, N'CODO A 45° M-H Ø40', 3, '20201027 04:35:19.330', NULL, 0.00)
INSERT INTO [dbo].[Insumo] ([InsumoId], [SubConceptoId], [Descripcion], [UnidadMedidaId], [FechaAlta], [FechaBaja], [UltimoPrecioCompra]) VALUES (449, 2, N'CODO A 90° H-H Ø40', 3, '20201027 04:35:35.050', NULL, 0.00)
INSERT INTO [dbo].[Insumo] ([InsumoId], [SubConceptoId], [Descripcion], [UnidadMedidaId], [FechaAlta], [FechaBaja], [UltimoPrecioCompra]) VALUES (450, 2, N'ADAPTADOR PILETA DESCARGA AACC Ø40 X 3/4"', 3, '20201027 04:35:58.023', NULL, 0.00)
INSERT INTO [dbo].[Insumo] ([InsumoId], [SubConceptoId], [Descripcion], [UnidadMedidaId], [FechaAlta], [FechaBaja], [UltimoPrecioCompra]) VALUES (451, 2, N'BUJE  REDUCCIÓN Ø63 X 50', 3, '20201027 04:36:16.363', NULL, 0.00)
INSERT INTO [dbo].[Insumo] ([InsumoId], [SubConceptoId], [Descripcion], [UnidadMedidaId], [FechaAlta], [FechaBaja], [UltimoPrecioCompra]) VALUES (452, 2, N'RAMAL "Y" Ø50', 3, '20201027 04:37:21.287', NULL, 0.00)
INSERT INTO [dbo].[Insumo] ([InsumoId], [SubConceptoId], [Descripcion], [UnidadMedidaId], [FechaAlta], [FechaBaja], [UltimoPrecioCompra]) VALUES (453, 2, N'CODO A 45° H-H Ø50', 3, '20201027 04:37:38.147', NULL, 0.00)
INSERT INTO [dbo].[Insumo] ([InsumoId], [SubConceptoId], [Descripcion], [UnidadMedidaId], [FechaAlta], [FechaBaja], [UltimoPrecioCompra]) VALUES (454, 2, N'SOMBRERETE PVC Ø63', 3, '20201027 04:38:35.253', NULL, 0.00)
INSERT INTO [dbo].[Insumo] ([InsumoId], [SubConceptoId], [Descripcion], [UnidadMedidaId], [FechaAlta], [FechaBaja], [UltimoPrecioCompra]) VALUES (455, 2, N'PILETA DE DUCHA Ø110 X 40', 3, '20201027 04:38:56.470', NULL, 0.00)
INSERT INTO [dbo].[Insumo] ([InsumoId], [SubConceptoId], [Descripcion], [UnidadMedidaId], [FechaAlta], [FechaBaja], [UltimoPrecioCompra]) VALUES (456, 2, N'TAPAS PVC HEMBRA Ø110', 3, '20201027 04:39:26.510', NULL, 0.00)
INSERT INTO [dbo].[Insumo] ([InsumoId], [SubConceptoId], [Descripcion], [UnidadMedidaId], [FechaAlta], [FechaBaja], [UltimoPrecioCompra]) VALUES (457, 2, N'TAPAS PVC HEMBRA Ø40', 3, '20201027 04:39:39.993', NULL, 0.00)
INSERT INTO [dbo].[Insumo] ([InsumoId], [SubConceptoId], [Descripcion], [UnidadMedidaId], [FechaAlta], [FechaBaja], [UltimoPrecioCompra]) VALUES (458, 2, N'TAPA PVC HEMBRA Ø50', 3, '20201027 04:39:55.790', NULL, 0.00)
INSERT INTO [dbo].[Insumo] ([InsumoId], [SubConceptoId], [Descripcion], [UnidadMedidaId], [FechaAlta], [FechaBaja], [UltimoPrecioCompra]) VALUES (459, 2, N'CODO A 45° H-H Ø110', 3, '20201027 04:40:14.133', NULL, 0.00)
INSERT INTO [dbo].[Insumo] ([InsumoId], [SubConceptoId], [Descripcion], [UnidadMedidaId], [FechaAlta], [FechaBaja], [UltimoPrecioCompra]) VALUES (460, 2, N'CODO A 45° M-H Ø110', 3, '20201027 04:40:42.453', NULL, 0.00)
INSERT INTO [dbo].[Insumo] ([InsumoId], [SubConceptoId], [Descripcion], [UnidadMedidaId], [FechaAlta], [FechaBaja], [UltimoPrecioCompra]) VALUES (461, 2, N'PORTA REJAS CON REJILLA 12X12 ACERO INOXIDABLE Ø110', 3, '20201027 04:41:05.233', NULL, 0.00)
INSERT INTO [dbo].[Insumo] ([InsumoId], [SubConceptoId], [Descripcion], [UnidadMedidaId], [FechaAlta], [FechaBaja], [UltimoPrecioCompra]) VALUES (462, 2, N'PORTA REJAS CON TAPA CIEGA 12X12 ACERO INOXIDABLE Ø110', 3, '20201027 04:41:21.350', NULL, 0.00)
INSERT INTO [dbo].[Insumo] ([InsumoId], [SubConceptoId], [Descripcion], [UnidadMedidaId], [FechaAlta], [FechaBaja], [UltimoPrecioCompra]) VALUES (463, 2, N'BOCA DE ACCESO COCINA - 3 ENTRADAS Ø63 X 50', 3, '20201027 04:41:36.670', NULL, 0.00)
INSERT INTO [dbo].[Insumo] ([InsumoId], [SubConceptoId], [Descripcion], [UnidadMedidaId], [FechaAlta], [FechaBaja], [UltimoPrecioCompra]) VALUES (464, 2, N'CODO A 90° H-H Ø110', 3, '20201027 04:41:53.050', NULL, 0.00)
INSERT INTO [dbo].[Insumo] ([InsumoId], [SubConceptoId], [Descripcion], [UnidadMedidaId], [FechaAlta], [FechaBaja], [UltimoPrecioCompra]) VALUES (465, 2, N'CODO A 45° M-H Ø50', 3, '20201027 04:42:12.153', NULL, 0.00)
INSERT INTO [dbo].[Insumo] ([InsumoId], [SubConceptoId], [Descripcion], [UnidadMedidaId], [FechaAlta], [FechaBaja], [UltimoPrecioCompra]) VALUES (466, 2, N'BUJE DE REDUCCIÓN Ø110 X 63', 3, '20201027 04:42:26.410', NULL, 0.00)
INSERT INTO [dbo].[Insumo] ([InsumoId], [SubConceptoId], [Descripcion], [UnidadMedidaId], [FechaAlta], [FechaBaja], [UltimoPrecioCompra]) VALUES (467, 2, N'CODO H-H Ø160 A 45°', 3, '20201027 04:42:43.877', NULL, 0.00)
INSERT INTO [dbo].[Insumo] ([InsumoId], [SubConceptoId], [Descripcion], [UnidadMedidaId], [FechaAlta], [FechaBaja], [UltimoPrecioCompra]) VALUES (468, 2, N'CÁMARA 20X20 CON REJILLA Ø110', 3, '20201027 04:42:59.660', NULL, 0.00)
INSERT INTO [dbo].[Insumo] ([InsumoId], [SubConceptoId], [Descripcion], [UnidadMedidaId], [FechaAlta], [FechaBaja], [UltimoPrecioCompra]) VALUES (469, 2, N'EMBUDO DE FUNDICIÓN CON REJA 20X20 Ø110', 3, '20201027 04:43:15.940', NULL, 0.00)
INSERT INTO [dbo].[Insumo] ([InsumoId], [SubConceptoId], [Descripcion], [UnidadMedidaId], [FechaAlta], [FechaBaja], [UltimoPrecioCompra]) VALUES (470, 2, N'CÁMARA DE INSPECCIÓN 30X30 - 3 ENTRADAS - 1 SALIDA CON ORRIN Ø110', 3, '20201027 04:43:46.657', NULL, 0.00)
INSERT INTO [dbo].[Insumo] ([InsumoId], [SubConceptoId], [Descripcion], [UnidadMedidaId], [FechaAlta], [FechaBaja], [UltimoPrecioCompra]) VALUES (471, 2, N'CAÑO Ø160 X  4MTS', 3, '20201027 04:44:06.490', NULL, 0.00)
INSERT INTO [dbo].[Insumo] ([InsumoId], [SubConceptoId], [Descripcion], [UnidadMedidaId], [FechaAlta], [FechaBaja], [UltimoPrecioCompra]) VALUES (472, 2, N'CAÑO Ø110 X 4 MTS', 3, '20201027 04:44:21.993', NULL, 0.00)
INSERT INTO [dbo].[Insumo] ([InsumoId], [SubConceptoId], [Descripcion], [UnidadMedidaId], [FechaAlta], [FechaBaja], [UltimoPrecioCompra]) VALUES (473, 2, N'CAÑO Ø110 X 3 MTS', 3, '20201027 04:44:38.247', NULL, 0.00)
INSERT INTO [dbo].[Insumo] ([InsumoId], [SubConceptoId], [Descripcion], [UnidadMedidaId], [FechaAlta], [FechaBaja], [UltimoPrecioCompra]) VALUES (474, 2, N'CAÑO Ø50 X 1 MTS', 3, '20201027 04:44:59.180', NULL, 0.00)
INSERT INTO [dbo].[Insumo] ([InsumoId], [SubConceptoId], [Descripcion], [UnidadMedidaId], [FechaAlta], [FechaBaja], [UltimoPrecioCompra]) VALUES (475, 2, N'CAÑO Ø63 X 4 MTS', 3, '20201027 04:45:15.100', NULL, 0.00)
INSERT INTO [dbo].[Insumo] ([InsumoId], [SubConceptoId], [Descripcion], [UnidadMedidaId], [FechaAlta], [FechaBaja], [UltimoPrecioCompra]) VALUES (476, 2, N'CAÑO Ø63 X 2 MTS', 3, '20201027 04:45:28.073', NULL, 0.00)
INSERT INTO [dbo].[Insumo] ([InsumoId], [SubConceptoId], [Descripcion], [UnidadMedidaId], [FechaAlta], [FechaBaja], [UltimoPrecioCompra]) VALUES (477, 2, N'CAÑO Ø110 X 2 MTS', 3, '20201027 04:45:43.757', NULL, 0.00)
INSERT INTO [dbo].[Insumo] ([InsumoId], [SubConceptoId], [Descripcion], [UnidadMedidaId], [FechaAlta], [FechaBaja], [UltimoPrecioCompra]) VALUES (478, 2, N'CAÑO Ø50 X 4 MTS', 3, '20201027 04:45:57.167', NULL, 0.00)
INSERT INTO [dbo].[Insumo] ([InsumoId], [SubConceptoId], [Descripcion], [UnidadMedidaId], [FechaAlta], [FechaBaja], [UltimoPrecioCompra]) VALUES (479, 2, N'CAÑO Ø50 X 3 MTS', 3, '20201027 04:46:11.467', NULL, 0.00)
INSERT INTO [dbo].[Insumo] ([InsumoId], [SubConceptoId], [Descripcion], [UnidadMedidaId], [FechaAlta], [FechaBaja], [UltimoPrecioCompra]) VALUES (480, 22, N'HIERRO DIAM 6', 3, '20201027 04:54:14.757', NULL, NULL)
INSERT INTO [dbo].[Insumo] ([InsumoId], [SubConceptoId], [Descripcion], [UnidadMedidaId], [FechaAlta], [FechaBaja], [UltimoPrecioCompra]) VALUES (481, 22, N'HIERRO DIAM 8', 3, '20201027 04:54:34.147', NULL, NULL)
INSERT INTO [dbo].[Insumo] ([InsumoId], [SubConceptoId], [Descripcion], [UnidadMedidaId], [FechaAlta], [FechaBaja], [UltimoPrecioCompra]) VALUES (482, 22, N'HIERRO DIAM 10', 3, '20201027 04:54:52.630', NULL, NULL)
INSERT INTO [dbo].[Insumo] ([InsumoId], [SubConceptoId], [Descripcion], [UnidadMedidaId], [FechaAlta], [FechaBaja], [UltimoPrecioCompra]) VALUES (483, 22, N'HIERRO DIAM 12', 3, '20201027 04:55:07.730', NULL, NULL)
INSERT INTO [dbo].[Insumo] ([InsumoId], [SubConceptoId], [Descripcion], [UnidadMedidaId], [FechaAlta], [FechaBaja], [UltimoPrecioCompra]) VALUES (484, 22, N'HIERRO DIAM 16', 3, '20201027 04:55:22.493', NULL, NULL)
INSERT INTO [dbo].[Insumo] ([InsumoId], [SubConceptoId], [Descripcion], [UnidadMedidaId], [FechaAlta], [FechaBaja], [UltimoPrecioCompra]) VALUES (485, 22, N'MALLA SIMA Q188 6X2', 3, '20201027 04:55:40.500', NULL, NULL)
INSERT INTO [dbo].[Insumo] ([InsumoId], [SubConceptoId], [Descripcion], [UnidadMedidaId], [FechaAlta], [FechaBaja], [UltimoPrecioCompra]) VALUES (486, 22, N'ALAMBRE RECOCIDO 17 MM', 3, '20201027 04:55:58.563', NULL, NULL)
INSERT INTO [dbo].[Insumo] ([InsumoId], [SubConceptoId], [Descripcion], [UnidadMedidaId], [FechaAlta], [FechaBaja], [UltimoPrecioCompra]) VALUES (487, 22, N'ALAMBRE RECOCIDO 9MM', 3, '20201027 04:56:13.503', NULL, NULL)
INSERT INTO [dbo].[Insumo] ([InsumoId], [SubConceptoId], [Descripcion], [UnidadMedidaId], [FechaAlta], [FechaBaja], [UltimoPrecioCompra]) VALUES (488, 22, N'CLAVO PUNTA PARIS 2"', 3, '20201027 04:57:02.247', NULL, NULL)
INSERT INTO [dbo].[Insumo] ([InsumoId], [SubConceptoId], [Descripcion], [UnidadMedidaId], [FechaAlta], [FechaBaja], [UltimoPrecioCompra]) VALUES (489, 22, N'CLAVO PUNTA PARIS 2 1/2"', 3, '20201027 04:57:18.643', NULL, NULL)
INSERT INTO [dbo].[Insumo] ([InsumoId], [SubConceptoId], [Descripcion], [UnidadMedidaId], [FechaAlta], [FechaBaja], [UltimoPrecioCompra]) VALUES (490, 8, N'FENÓLICO 1.22 X 2,44 X 18MM CON FILM', 3, '20201027 05:31:06.197', NULL, 3300.00)
INSERT INTO [dbo].[Insumo] ([InsumoId], [SubConceptoId], [Descripcion], [UnidadMedidaId], [FechaAlta], [FechaBaja], [UltimoPrecioCompra]) VALUES (491, 18, N'ARNES CUERPO COMPLETO, LUMBAR, 3 CONEX', 3, '20201028 06:32:28.710', NULL, 0.00)
INSERT INTO [dbo].[Insumo] ([InsumoId], [SubConceptoId], [Descripcion], [UnidadMedidaId], [FechaAlta], [FechaBaja], [UltimoPrecioCompra]) VALUES (492, 16, N'CAPA DE LLUVIA PVC IMPERMEABLE', 3, '20201109 07:56:12.060', NULL, 800.00)
INSERT INTO [dbo].[Insumo] ([InsumoId], [SubConceptoId], [Descripcion], [UnidadMedidaId], [FechaAlta], [FechaBaja], [UltimoPrecioCompra]) VALUES (493, 16, N'BARBIJO FRISELINA BICAPA', 3, '20201109 08:15:39.807', NULL, 0.00)
INSERT INTO [dbo].[Insumo] ([InsumoId], [SubConceptoId], [Descripcion], [UnidadMedidaId], [FechaAlta], [FechaBaja], [UltimoPrecioCompra]) VALUES (494, 9, N'SEPARADOR D7 PARA LOSA ', 5, '20201110 06:27:31.693', NULL, 0.00)
INSERT INTO [dbo].[Insumo] ([InsumoId], [SubConceptoId], [Descripcion], [UnidadMedidaId], [FechaAlta], [FechaBaja], [UltimoPrecioCompra]) VALUES (495, 9, N'SEPARADOR A6 ', 5, '20201110 06:28:30.380', NULL, 0.00)
INSERT INTO [dbo].[Insumo] ([InsumoId], [SubConceptoId], [Descripcion], [UnidadMedidaId], [FechaAlta], [FechaBaja], [UltimoPrecioCompra]) VALUES (1494, 15, N'LADRILLON COMUN 5X18X25', 3, '20201210 07:50:37.663', NULL, 0.00)
INSERT INTO [dbo].[Insumo] ([InsumoId], [SubConceptoId], [Descripcion], [UnidadMedidaId], [FechaAlta], [FechaBaja], [UltimoPrecioCompra]) VALUES (1495, 13, N'ADITIVO HIDROFUGO SIKA 1 X 20 LT', 3, '20201211 10:18:28.097', NULL, NULL)
INSERT INTO [dbo].[Insumo] ([InsumoId], [SubConceptoId], [Descripcion], [UnidadMedidaId], [FechaAlta], [FechaBaja], [UltimoPrecioCompra]) VALUES (1496, 13, N'ADITIVO HIDROFUGO SIKA 1 X 200LT', 3, '20201211 10:18:48.230', NULL, NULL)
INSERT INTO [dbo].[Insumo] ([InsumoId], [SubConceptoId], [Descripcion], [UnidadMedidaId], [FechaAlta], [FechaBaja], [UltimoPrecioCompra]) VALUES (1497, 13, N'SIKA MONOTOP 107 X 25 KGR', 3, '20201211 10:19:33.357', NULL, NULL)
INSERT INTO [dbo].[Insumo] ([InsumoId], [SubConceptoId], [Descripcion], [UnidadMedidaId], [FechaAlta], [FechaBaja], [UltimoPrecioCompra]) VALUES (1498, 15, N'POSTE QUEBRACHO 4X4 - 2.70 MTS', 3, '20201211 11:44:41.677', NULL, NULL)
INSERT INTO [dbo].[Insumo] ([InsumoId], [SubConceptoId], [Descripcion], [UnidadMedidaId], [FechaAlta], [FechaBaja], [UltimoPrecioCompra]) VALUES (1499, 15, N'POSTE QUEBRACHO 3X3 - 2.70 MTS ', 3, '20201211 11:45:09.110', NULL, NULL)
INSERT INTO [dbo].[Insumo] ([InsumoId], [SubConceptoId], [Descripcion], [UnidadMedidaId], [FechaAlta], [FechaBaja], [UltimoPrecioCompra]) VALUES (1500, 15, N'PUNTALES 3X2 - 2.80 MTS ', 3, '20201211 11:46:02.737', NULL, NULL)
INSERT INTO [dbo].[Insumo] ([InsumoId], [SubConceptoId], [Descripcion], [UnidadMedidaId], [FechaAlta], [FechaBaja], [UltimoPrecioCompra]) VALUES (1501, 15, N'ROLLO TEJIDO 63/14 - 2.00 MTS', 3, '20201211 11:47:56.637', NULL, NULL)
INSERT INTO [dbo].[Insumo] ([InsumoId], [SubConceptoId], [Descripcion], [UnidadMedidaId], [FechaAlta], [FechaBaja], [UltimoPrecioCompra]) VALUES (1502, 15, N'GANCHOS 5/16 POR 200', 3, '20201211 11:48:30.770', NULL, NULL)
INSERT INTO [dbo].[Insumo] ([InsumoId], [SubConceptoId], [Descripcion], [UnidadMedidaId], [FechaAlta], [FechaBaja], [UltimoPrecioCompra]) VALUES (1503, 15, N'TUERCAS 5/16', 3, '20201211 11:49:29.520', NULL, NULL)
INSERT INTO [dbo].[Insumo] ([InsumoId], [SubConceptoId], [Descripcion], [UnidadMedidaId], [FechaAlta], [FechaBaja], [UltimoPrecioCompra]) VALUES (1504, 15, N'GRAMPAS "U"', 3, '20201211 11:50:27.890', NULL, NULL)
INSERT INTO [dbo].[Insumo] ([InsumoId], [SubConceptoId], [Descripcion], [UnidadMedidaId], [FechaAlta], [FechaBaja], [UltimoPrecioCompra]) VALUES (1505, 15, N'TORNIQUETES TV ZINCADAS ', 3, '20201211 11:52:19.797', NULL, NULL)
INSERT INTO [dbo].[Insumo] ([InsumoId], [SubConceptoId], [Descripcion], [UnidadMedidaId], [FechaAlta], [FechaBaja], [UltimoPrecioCompra]) VALUES (1506, 15, N'VARILLA ROSCADA 5/16', 3, '20201211 11:53:12.977', NULL, NULL)
INSERT INTO [dbo].[Insumo] ([InsumoId], [SubConceptoId], [Descripcion], [UnidadMedidaId], [FechaAlta], [FechaBaja], [UltimoPrecioCompra]) VALUES (1507, 15, N'ARANDELAS 5/16', 3, '20201211 11:54:07.253', NULL, NULL)
INSERT INTO [dbo].[Insumo] ([InsumoId], [SubConceptoId], [Descripcion], [UnidadMedidaId], [FechaAlta], [FechaBaja], [UltimoPrecioCompra]) VALUES (1508, 15, N'PLANCHUELA GALV - 2.00 MTS ', 3, '20201211 11:54:42.117', NULL, NULL)
INSERT INTO [dbo].[Insumo] ([InsumoId], [SubConceptoId], [Descripcion], [UnidadMedidaId], [FechaAlta], [FechaBaja], [UltimoPrecioCompra]) VALUES (1509, 15, N'POSTE HORMIGON OLIMPICO ', 3, '20201211 11:57:55.323', NULL, NULL)
INSERT INTO [dbo].[Insumo] ([InsumoId], [SubConceptoId], [Descripcion], [UnidadMedidaId], [FechaAlta], [FechaBaja], [UltimoPrecioCompra]) VALUES (1510, 15, N'LADRILLO VISTO 12X25X5', 3, '20201212 07:08:54.823', NULL, NULL)
INSERT INTO [dbo].[Insumo] ([InsumoId], [SubConceptoId], [Descripcion], [UnidadMedidaId], [FechaAlta], [FechaBaja], [UltimoPrecioCompra]) VALUES (1511, 15, N'LADRILLON VISTO 18X26X5', 3, '20201212 07:10:26.820', NULL, NULL)
INSERT INTO [dbo].[Insumo] ([InsumoId], [SubConceptoId], [Descripcion], [UnidadMedidaId], [FechaAlta], [FechaBaja], [UltimoPrecioCompra]) VALUES (1512, 4, N'ANAFE ACERO INOX FLOR 67481', 3, '20201212 10:00:16.727', NULL, NULL)
INSERT INTO [dbo].[Insumo] ([InsumoId], [SubConceptoId], [Descripcion], [UnidadMedidaId], [FechaAlta], [FechaBaja], [UltimoPrecioCompra]) VALUES (1513, 3, N'HORNO ELECTRICO FLOR 7857F', 3, '20201212 10:00:44.167', NULL, NULL)
INSERT INTO [dbo].[Insumo] ([InsumoId], [SubConceptoId], [Descripcion], [UnidadMedidaId], [FechaAlta], [FechaBaja], [UltimoPrecioCompra]) VALUES (1514, 15, N'COMPACTO BLANGINO 40X40 ESTAMBUL ', 3, '20201212 10:19:04.547', NULL, NULL)
INSERT INTO [dbo].[Insumo] ([InsumoId], [SubConceptoId], [Descripcion], [UnidadMedidaId], [FechaAlta], [FechaBaja], [UltimoPrecioCompra]) VALUES (1515, 15, N'ABERTURAS DE ALUMINIO ', 3, '20201212 10:25:17.960', NULL, NULL)
INSERT INTO [dbo].[Insumo] ([InsumoId], [SubConceptoId], [Descripcion], [UnidadMedidaId], [FechaAlta], [FechaBaja], [UltimoPrecioCompra]) VALUES (1516, 3, N'SEGUN PRESUPUESTO', 3, '20201214 04:56:24.557', NULL, NULL)
INSERT INTO [dbo].[Insumo] ([InsumoId], [SubConceptoId], [Descripcion], [UnidadMedidaId], [FechaAlta], [FechaBaja], [UltimoPrecioCompra]) VALUES (1517, 15, N'LADRILLO PORTANTE CERÁMICO PALMAR 12X18X33', 3, '20210322 13:29:22.757', NULL, NULL)
INSERT INTO [dbo].[Insumo] ([InsumoId], [SubConceptoId], [Descripcion], [UnidadMedidaId], [FechaAlta], [FechaBaja], [UltimoPrecioCompra]) VALUES (1518, 2, N'CALDERA ARISTON HS-X24 23000KC TF DS GN', 3, '20210322 14:01:08.077', NULL, NULL)
INSERT INTO [dbo].[Insumo] ([InsumoId], [SubConceptoId], [Descripcion], [UnidadMedidaId], [FechaAlta], [FechaBaja], [UltimoPrecioCompra]) VALUES (1519, 28, N'MATERIAL SEGUN FACTURA NA 0022-00004715', 3, '20210322 15:48:48.337', NULL, NULL)
SET IDENTITY_INSERT [dbo].[Insumo] OFF
INSERT INTO [dbo].[UnidadMedida] ([UnidadMedidaId], [Abreviatura], [Descripcion]) VALUES (1, N'Mts', N'Metros')
INSERT INTO [dbo].[UnidadMedida] ([UnidadMedidaId], [Abreviatura], [Descripcion]) VALUES (2, N'Kgs', N'Kilogramos')
INSERT INTO [dbo].[UnidadMedida] ([UnidadMedidaId], [Abreviatura], [Descripcion]) VALUES (3, N'U', N'Unidades')
INSERT INTO [dbo].[UnidadMedida] ([UnidadMedidaId], [Abreviatura], [Descripcion]) VALUES (4, N'Mts³', N'Metros cúbicos')
INSERT INTO [dbo].[UnidadMedida] ([UnidadMedidaId], [Abreviatura], [Descripcion]) VALUES (5, N'Bolsa', N'Bolsa')
INSERT INTO [dbo].[UnidadMedida] ([UnidadMedidaId], [Abreviatura], [Descripcion]) VALUES (6, N'Rollo', N'Rollo')
INSERT INTO [dbo].[UnidadMedida] ([UnidadMedidaId], [Abreviatura], [Descripcion]) VALUES (7, N'Mts²', N'Metros cuadrados')
SET IDENTITY_INSERT [dbo].[Concepto] ON
INSERT INTO [dbo].[Concepto] ([ConceptoId], [Descripcion], [FechaAlta]) VALUES (2, N'INSTALACIONES', '20200527 07:50:57.037')
INSERT INTO [dbo].[Concepto] ([ConceptoId], [Descripcion], [FechaAlta]) VALUES (3, N'EQUIPOS ENCOFRADO', '20200528 10:02:50.300')
INSERT INTO [dbo].[Concepto] ([ConceptoId], [Descripcion], [FechaAlta]) VALUES (4, N'HERRAMIENTAS', '20200528 10:03:02.143')
INSERT INTO [dbo].[Concepto] ([ConceptoId], [Descripcion], [FechaAlta]) VALUES (5, N'MATERIALES OBRA', '20200528 10:03:18.583')
INSERT INTO [dbo].[Concepto] ([ConceptoId], [Descripcion], [FechaAlta]) VALUES (6, N'HIGIENE Y SEGURIDAD', '20200528 10:04:02.427')
INSERT INTO [dbo].[Concepto] ([ConceptoId], [Descripcion], [FechaAlta]) VALUES (7, N'PROYECTO ARQUITECTURA', '20201026 06:40:17.737')
INSERT INTO [dbo].[Concepto] ([ConceptoId], [Descripcion], [FechaAlta]) VALUES (8, N'ALUMINIO', '20201212 10:34:28.517')
INSERT INTO [dbo].[Concepto] ([ConceptoId], [Descripcion], [FechaAlta]) VALUES (9, N'PRESUPUESTO', '20210322 15:47:25.247')
SET IDENTITY_INSERT [dbo].[Concepto] OFF
ALTER TABLE [dbo].[Insumo]
    ADD CONSTRAINT [FK_Insumo_SubConcepto] FOREIGN KEY ([SubConceptoId]) REFERENCES [dbo].[SubConcepto] ([SubConceptoId])
ALTER TABLE [dbo].[Insumo]
    ADD CONSTRAINT [FK_Insumo_UnidadMedida] FOREIGN KEY ([UnidadMedidaId]) REFERENCES [dbo].[UnidadMedida] ([UnidadMedidaId])
ALTER TABLE [dbo].[SubConcepto]
    ADD CONSTRAINT [FK_SubConcepto_Concepto] FOREIGN KEY ([ConceptoId]) REFERENCES [dbo].[Concepto] ([ConceptoId])
COMMIT TRANSACTION
